Sample_ID,Model,System_Prompt,Question,Context,Ground_Truth_Answer,Concise_NC_EN
0,arcee-ai/Arcee-VyLinh,Expert_SP_NC_EN,Tại sao cần đưa bệnh nhân đến bệnh viện ngay khi dùng quá liều Alzental Shinpoong?,"Khi quá liều Alzental Shinpoong, bệnh nhân sẽ có triệu chứng như phản ứng sốc phản vệ, phát ban, rụng tóc nhiều. Nhiều biểu hiện nghiêm trọng hơn nhiều như suy giảm bạch cầu, suy giảm chức năng gan.4 Do đó, hãy đến bệnh viện ngay lập tức và mang theo thuốc để bác sĩ có thể tìm lí do dễ dàng và xử trí kịp thời.","Việc đưa bệnh nhân đến bệnh viện ngay khi dùng quá liều Alzental Shinpoong rất quan trọng vì có thể xuất hiện nhiều biểu hiện nguy hiểm hơn như suy giảm bạch cầu, suy giảm chức năng gan.","Alzental Shinpoong chứa thuốc chống đông máu, dùng quá liều có thể gây đông máu tự nhiên, nguy hiểm đến tính mạng."
1,arcee-ai/Arcee-VyLinh,Expert_SP_NC_EN,Hút thuốc lá có ảnh hưởng như thế nào đến nguy cơ mắc ung thư biểu mô tế bào gan?,"Không có biện pháp nào có thể phòng ngừa không mắc phải ung thư biểu mô tế bào gan một cách tuyệt đối. Tuy nhiên, có nhiều biện pháp dự phòng khác nhau có thể thực hiện nhằm giảm thiểu khả năng mắc phải loại ung thư này, đó là can thiệp kiểm soát các yếu tố nguy cơ:1 5 6 7 11 - Tiêm ngừa viêm gan siêu vi B.
- Hạn chế sử dụng đồ uống có cồn, không hút thuốc lá (kể cả hút thụ động khói thuốc lá từ người khác).
- Chẩn đoán và điều trị sớm các bệnh gan nền mạn tính như viêm gan siêu vi B, C, bệnh gan nhiễm mỡ không do rượu, viêm gan nhiễm mỡ không do rượu, bệnh ứ sắt,…
- Thực hành quan hệ tình dục an toàn.
- Không dùng chung bơm kim tiêm với người khác.
- Chế độ ăn lành mạnh, kiểm soát cân nặng, hạn chế béo phì và điều trị kiểm soát ổn định bệnh đái tháo đường.
- Thực hiện các thủ thuật như xăm mình, tạo hình thẩm mỹ,… tại các cơ sở được cấp phép và chứng nhận an toàn. Về phía nhân viên y tế và các cơ sở y tế cần bổ sung thêm: - Thực hành an toàn trong tiêm truyền, các thủ thuật, phẫu thuật trên người bệnh.
- Tầm soát kiểm tra các chế phẩm hiến tặng như máu, mô, cơ quan nội tạng.","Hút thuốc lá làm tăng nguy cơ mắc ung thư biểu mô tế bào gan. Vì thế, nên hạn chế sử dụng đồ uống có cồn, không hút thuốc lá (kể cả hút thụ động khói thuốc lá từ người khác).",Hút thuốc lá tăng nguy cơ mắc ung thư biểu mô tế bào gan.
2,arcee-ai/Arcee-VyLinh,Expert_SP_NC_EN,Tỳ bà diệp được sử dụng như thế nào trong dân gian?,"Bán hạ 4g, Mao căn 80g, Nhân sâm 4g, Phục linh 20g, Sinh khương 7 lát, Tỳ bà diệp 8g. Sắc uống (Tỳ Bà Diệp ẩm – Loại Chứng Phổ Tế Bản Sự Phương). Tỳ bà diệp là một vị thuốc cổ truyền được sử dụng từ rất lâu trong dân gian. Nhờ có nhiều tác dụng quý mà dược liệu này được dùng nhiều trong các bài thuốc chữa bệnh cũng như cuộc sống hằng ngày. Tuy nhiên, để có thể phát huy hết công dụng của vị thuốc đối với sức khỏe, bạn nên tham khảo ý kiến bác sĩ để kiểm soát rủi ro và những tác dụng không mong muốn. Hãy chia sẻ bài viết nếu thấy hữu ích. Bác sĩ Phạm Lê Phương Mai","Trong dân gian, Tỳ bà diệp là vị thuốc cổ truyền, được sử dụng rất lâu đời.","Tỳ bà diệp được sử dụng trong dân gian để điều trị các bệnh về đường tiêu hóa như đau bụng, đầy hơi, tiêu chảy. Ngoài ra, nó còn được dùng để giảm đau răng và viêm amidan."
3,arcee-ai/Arcee-VyLinh,Expert_SP_NC_EN,Nếu khi dùng thuốc Alsiful S.R xuất hiện bất kỳ một triệu chứng nào bất thường thì phải làm gì?,"Trên thị trường hiện nay thuốc Alsiful S.R được bán với giá tham khảo 310.000 – 380.000 VNĐ cho hộp 3 vỉ x 10 viên. Mức giá có thể chênh lệch tùy thuộc vào thời điểm mua thuốc và các nhà thuốc, cửa hàng khác nhau. Trên đây là các thông tin chi tiết về công dụng, cách dùng và tác dụng phụ của thuốc Alsiful S.R. Hãy gọi ngay cho các nhân viên y tế nếu xuất hiện bất kỳ một triệu chứng nào bất thường để có thể được xử trí và hỗ trợ kịp thời nhé! Mong rằng những thông tin Dược sĩ Phan Tiểu Long đã cung cấp sẽ giúp ích được cho bạn!",Cần gọi ngay cho các nhân viên y tế để có thể được xử trí và hỗ trợ kịp thời.,"Nếu gặp bất kỳ triệu chứng bất thường khi dùng thuốc Alsiful S.R, nên ngưng sử dụng thuốc và liên hệ với bác sĩ ngay."
4,arcee-ai/Arcee-VyLinh,Expert_SP_NC_EN,"Ngoài giảm đau, Acepron 250 mg còn có thêm tác dụng nào khác?","Các chỉ định của thuốc Acepron 250 mg như sau: Điều trị sốt và giảm các triệu chứng đau từ nhẹ tới vừa: - Sử dụng trong các dạng đau: Nhức đầu, đau răng, đau nhức do cảm cúm, sốt, đau cơ. Thuốc không có tác dụng trong điều trị thấp khớp và các cơn đau bắt nguồn từ nội tạng.
- Giảm thân nhiệt ở những người có triệu chứng sốt do: cảm cúm, sốt xuất huyết, nhiễm khuẩn, nhiễm siêu vi, mọc răng, sau khi tiêm chủng, sau phẫu thuật…","Ngoài tác dụng giảm đau, Acepron 250 mg còn có thêm tác dụng giảm thân nhiệt ở những người có triệu chứng sốt do cảm cúm, sốt xuất huyết, nhiễm khuẩn, nhiễm siêu vi, mọc răng, sau khi tiêm chủng, sau phẫu thuật.",Acepron 25ml còn có tác dụng chống viêm.
5,arcee-ai/Arcee-VyLinh,Expert_SP_NC_EN,Có bao nhiêu chất hoạt tính sinh học quan trọng trong Tang ký sinh?,"Các thành phần hoạt tính sinh học quan trọng trong Tang ký sinh là coriaria lacton bao gồm sesquiterpene lacton: coriamyrtin, tutin, corianin và coriatin.",Có 4 chất hoạt tính sinh học quan trọng trong Tang ký sinh.,12
6,arcee-ai/Arcee-VyLinh,Expert_SP_NC_EN,"Khi chăm sóc trẻ nhỏ bị tiêu chảy tại nhà, phụ huynh cần quan sát những dấu hiệu bất thường nào?","- Tránh sử dụng các biện pháp khắc phục tiêu chảy tại nhà như uống sữa đun sôi hoặc nước gạo.
- Đồ uống bù nước và điện giải cho vận động viên thể thao cũng không được khuyến khích cho trẻ nhỏ. Các sản phẩn đồ uống đó có xu hướng thêm đường để giúp các vận động viên trong quá trình hoạt động thể chất mạnh mẽ. Nhưng đó không phải là một chất lỏng thay thế thích hợp.
- Thực phẩm và chất lỏng có hàm lượng đường cao. Chẳng hạn như nước trái cây, bánh quy, bánh ngọt và soda, có thể góp phần gây ra nặng thêm tình trạng tiêu chảy. Nguyên nhân do kéo thêm chất lỏng vào ruột, khiến chất lỏng và đường dư thừa nhanh chóng thoát ra ngoài.
- Phụ huynh nên quan sát kĩ các dấu hiệu bất thường ở trẻ. Thời gian bắt đầu, các triệu chứng đã xuất hiện, kéo dài bao lâu. Nhận biết các dấu hiệu nặng để báo với bác sĩ càng đầy đủ càng tốt, để bác sĩ nhanh chóng xác định nguyên nhân và điều trị sớm.","Phụ huynh nên quan sát kỹ các dấu hiệu bất thường ở trẻ như thời gian bắt đầu, các triệu chứng đã xuất hiện, kéo dài bao lâu và nhận biết các dấu hiệu nặng để báo với bác sĩ càng đầy đủ càng tốt, để bác sĩ nhanh chóng xác định nguyên nhân và điều trị sớm.","- Đầy hơi hoặc khó thở
- Không chịu ăn hoặc uống nước
- Đỏ rát khi đi tiêu
- Giảm cân nhanh
- Đỏ rát ở vùng kín ở bé gái"
7,arcee-ai/Arcee-VyLinh,Expert_SP_NC_EN,Hố yên trong trường hợp vô căn có đặc điểm gì?,"Ở một số bệnh nhân suy tuyến yên, không tìm thấy một nguyên nhân rõ ràng. Bệnh cảnh này thường có tính gia đình (liên quan nhiễm sắc thể giới tính X hoặc nhiễm sắc thể thường), hố yên có thể nhỏ, rộng hoặc bình thường.","Hố yên trong trường hợp vô căn có thể nhỏ, rộng hoặc bình thường.","Hố yên trong trường hợp vô căn có hình dạng hình thang, có độ sâu trung bình khoảng 1-2 cm, và thường nằm ở phía sau của ống niệu đạo."
8,arcee-ai/Arcee-VyLinh,Expert_SP_NC_EN,"Nếu không được điều trị, huyết khối tĩnh mạch sâu có thể dẫn đến những biến chứng gì?","Huyết khối tĩnh mạch sâu là tình trạng cục máu đông hình thành trong tĩnh mạch sâu. Đây thường là tĩnh mạch của chân, mặc dù nó cũng có thể xảy ra ở tĩnh mạch của cánh tay. Các yếu tố nguy cơ gây huyết khối tĩnh mạch sâu, bao gồm: - Bất động lâu.
- Ung thư.
- Béo phì.
- Tổn thương mạch máu do chấn thương.
- Và các rối loạn bẩm sinh dễ gây ra cục máu đông. Tình trạng này có thể khiến cho phần chi bị ảnh hưởng sưng lên, gây đau. Trong trường hợp xấu nhất, huyết khối tĩnh mạch sâu có thể vỡ ra và đi vào phổi, gây thuyên tắc phổi. Quyết định điều trị huyết khối tĩnh mạch sâu phụ thuộc vào kích thước của cục huyết khối, các triệu chứng và các yếu tố nguy cơ của một người. Các biện pháp điều trị thường liên quan đến việc chống đông máu để ngăn ngừa cục máu đông, hoặc để giảm kích thước của cục máu đông.","Nếu không được điều trị, huyết khối tĩnh mạch sâu có thể khiến cho phần chi bị ảnh hưởng sưng lên, gây đau. Trong trường hợp xấu nhất, cục huyết khối có thể vỡ ra và đi vào phổi, gây thuyên tắc phổi.","Nếu không được điều trị, huyết khối tĩnh mạch sâu có thể dẫn đến biến chứng như đau đột ngột, phù chi, tổn thương phổi, và có thể gây tử vong."
9,arcee-ai/Arcee-VyLinh,Expert_SP_NC_EN,Liều dùng tối đa của Aspegic cho trẻ em dưới 30 tháng tuổi là bao nhiêu?,"Tùy vào từng đối tượng mà Aspegic được chỉ định với các mức liều khác nhau: 1. Đối tượng là trẻ em: dùng theo cân nặng của trẻ 25 – 50 mg/ kg/ ngày chia dùng nhiều lần trong ngày. - Không dùng > 80 mg/ kg/ ngày đối với trẻ <30 tháng tuổi.
- Dùng liều < 100 mg/ kg/ ngày đối với trẻ từ 15 tháng – 15 tuổi. 2. Đối tượng là người lớn: - Mỗi lần dùng liều từ 500 – 1000 mg.
- Mỗi ngày chia ra làm 2 – 3 lần sử dụng.
- Liều dùng tối đa là 4 g/ ngày. 3. Người bệnh cao tuổi - Mỗi lần dùng liều từ 500 – 1000 mg.
- Mỗi ngày chia ra làm 2 – 3 lần sử dụng.
- Liều dùng tối đa là 2 g/ ngày. 4. Bệnh nhân thấp khớp Có thể dùng tối đa 6g mỗi ngày và nên chia làm nhiều lần dùng.",Liều dùng tối đa của Aspegic cho trẻ em dưới 30 tháng tuổi là 80 mg/ kg/ ngày.,15 mg/ngày
10,arcee-ai/Arcee-VyLinh,Expert_SP_NC_EN,Nấm lim xanh tự nhiên và nấm lim xanh trồng nhân tạo có điểm khác biệt gì về hình thức?,"Nấm lim xanh rừng mang nhiều giá trị đối với sức khỏe chúng ta. Chính vì vậy, người dùng luôn muốn tìm mua nấm thật, đảm bảo chất lượng. Nấm lim xanh rừng, hay còn gọi là nấm lim xanh mọc tự nhiên có hình thù xù xì, không bắt mắt. Trong khi đó, nấm được trồng nhân tạo lại có bề ngoài bắt mắt, màu sắc đẹp, thu hút cùng bề mặt nhẵn min. Nấm lim xanh rừng thật có mũ nấm và chân nấm thẳng hàng với nhau; còn nấm giả thì mũ nấm và chân nấm sẽ vuông góc. Lý giải điều này, nấm mọc lên từ thân cây gỗ lim, đâm ngang ra song song với mặt đất. Đây là loại nấm phá gỗ, phân hủy gỗ để lấy dưỡng chất, cho nên nấm phải sinh trưởng trên thân gỗ thì mới đảm bảo đủ chất dinh dưỡng. Còn nấm giả thì tán nấm gần như vuông góc với thân bởi mọc từ dưới đất mọc lên. Khi đó, nấm sẽ không được đảm bảo có nguồn gốc từ loại cây gì cũng như không thể lấy chất dinh dưỡng từ thân gỗ lim. Về mùi vị, nấm lim xanh tự nhiên có vị rất đắng. Vị đắng này sẽ đọng lại nơi cuống họng trong thời gian dài sau khi sử dụng.","Nấm lim xanh rừng có hình thù xù xì, không bắt mắt, trong khi nấm lim xanh trồng nhân tạo lại có bề ngoài bắt mắt, màu sắc đẹp, thu hút cùng bề mặt nhẵn mịn.","- Nấm lim xanh tự nhiên có hình dạng tự nhiên, không đều.
- Nấm lim xanh trồng nhân tạo có hình dạng đều đặn, thường được cắt thành hình chữ nhật."
11,arcee-ai/Arcee-VyLinh,Expert_SP_NC_EN,Viêm tuyến giáp bán cấp là gì?,"Đầu tiên, chúng ta hãy cùng tìm hiểu viêm tuyến giap là gì. Viêm tuyến giáp (gọi tắt là viêm giáp) là tình trạng bệnh lý đặc trưng bởi sự thấm nhuận các tế bào viêm hoặc mô xơ ở tuyến giáp bị viêm.1 2 Viêm giáp được chia thành nhiều loại khác nhau theo bảng sau:2 3 Viêm giáp bán cấp là viêm giáp gây đau thường gặp nhất trên lâm sàng. Viêm giáp bán cấp còn có các tên gọi khác như: viêm tuyến giáp do virus, viêm tuyến giáp u hạt bán cấp, viêm tuyến giáp giả lao, viêm tuyến giáp tế bào khổng lồ, viêm tuyến giáp De Quervain.3",Viêm tuyến giáp bán cấp là viêm giáp gây đau thường gặp nhất trên lâm sàng.,"Viêm tuyến giáp bán cấp là tình trạng viêm nhẹ của tuyến giáp, thường do vi khuẩn gây ra."
12,arcee-ai/Arcee-VyLinh,Expert_SP_NC_EN,Trong những tháng nào người ta thu hoạch sâm tố nữ?,"- Dược liệu được tìm thấy nhiều ở những vùng đồi núi phía bắc Thái Lan. Ngoài ra, dược liệu này còn phân bố nhiều ở các khu vực Đông Nam Á.
- Người ta thu hoạch sâm tố nữ vào tháng 10 – 12.1",Người ta thường thu hoạch sâm tố nữ vào tháng 10 – 12.,Người ta thu hoạch sâm tố nữ vào những tháng từ tháng 11 đến tháng 2.
13,arcee-ai/Arcee-VyLinh,Expert_SP_NC_EN,Bác sĩ sẽ thực hiện mấy giai đoạn để điều trị hội chứng thiểu sản tim trái?," Bé có thể cần vài cuộc phẫu thuật để điều trị bệnh. Bác sĩ phẫu thuật sẽ thực hiện quá trình gồm có ba giai đoạn. Những cuộc phẫu thuật này được thực hiện để giúp dòng máu chảy bình thường, đi ra khỏi tim và đưa máu giàu oxy đi đến các cơ quan trong cơ thể.  Một lựa chọn phẫu thuật khác, đó chính là ghép tim, đặc biệt khi có các khuyết tật tim khác rất phức tạp. Bé mắc hội chứng thiểu sản tim trái có thể được cân nhắc ghép tim. Sau khi ghép tim, bé cần sử dụng một thời gian dài để tránh tình trạng đào thải tạng hiến. ",Bác sĩ phẫu thuật sẽ thực hiện quá trình gồm có ba giai đoạn.,"Bác sĩ sẽ thực hiện ba giai đoạn để điều trị hội chứng thiểu sản tim trái:

1. Điều trị triệu chứng
2. Điều trị nguyên nhân
3. Điều trị dự phòng và cải thiện chức năng tim"
14,arcee-ai/Arcee-VyLinh,Expert_SP_NC_EN,"Ngoài chẩn đoán vị trí của khối u, những xét nghiệm hình ảnh có thể phát hiện tình trạng gì?","Những xét nghiệm hình ảnh cho phép bác sĩ xác định xem có khối u hay không, cũng như kích thước, vị trí và mức độ của khối u. Các xét nghiệm này cũng có thể phát hiện sự lây lan của ung thư vào các cấu trúc gần đó. Những lựa chọn gồm: - X-quang ngực.
- CT-Scan.
- MRI.
- PET-CT.
- X-quang cản quang barium đường tiêu hóa trên.
- Panorex.",Sự lây lan của ung thư vào các cấu trúc gần đó.,"Những xét nghiệm hình ảnh có thể phát hiện kích thước, hình dạng và vị trí chính xác của khối u."
15,arcee-ai/Arcee-VyLinh,Expert_SP_NC_EN,Sốt thấp khớp có thể gây ra hậu quả gì?,"Loại bệnh này có thể gây ra những tổn thương nghiêm trọng ở tim, đặc biệt là van tim. Van hay bị tổn thương nhất là loại van nằm ở giữa buồng tim trái, còn gọi là van hai lá. Tuy nhiên, các van khác vẫn có thể bị ảnh hưởng. Tổn thương có thể gây ra: - Hẹp van: Làm cản trở dòng máu chảy trong các buồng của tim.
- Hở van: Làm dòng máu qua các buồng tim không được chảy đúng cách.
- Tổn thương cơ tim: Tinh trạng viêm gây ra bởi sốt thấp khớp có thể làm yếu cơ tim. Điều này ảnh hưởng đến khả năng bơm máu của tim. Tổn thương van hai lá và các van khác hoặc tổn thương cơ tim có thể ảnh hưởng đến chức năng tim sau này với các hậu quả như: - Nhịp tim không đều do rung nhĩ.
- Suy tim.","Sốt thấp khớp có thể gây ra những tổn thương nghiêm trọng ở tim, đặc biệt là van tim.","Sốt thấp khớp có thể gây ra các hậu quả sau:

1. Ảnh hưởng đến chất lượng cuộc sống
2. Gây mất ngủ và mệt mỏi
3. Tăng nguy cơ mắc các bệnh mãn tính
4. Giảm khả năng làm việc và học tập
5. Tăng nguy cơ lo âu và trầm cảm"
16,arcee-ai/Arcee-VyLinh,Expert_SP_NC_EN,Nên lưu ý gì khi sử dụng Calcrem?,"Chỉ bôi ngoài da. Tránh dây vào mắt, mũi, miệng. Nếu có tình trạng kích ứng (ửng đỏ, ngứa, nóng rát, phồng rộp, sưng phủ) hay mẫn cảm (cảm giác rát, nổi mẩn đỏ và ngứa), ngưng điều trị và thay bằng thuốc khác. Không sử dụng thuốc khi đã quá hạn ghi trên nhãn.","Khi sử dụng Calcrem, bạn cần lưu ý không để thuốc dây vào mắt, mũi, miệng. Nếu có tình trạng kích ứng hoặc mẫn cảm, hãy ngừng điều trị và thay bằng thuốc khác.","Nên lưu ý:

1. Không dùng cho phụ nữ có thai và trẻ em dưới 18 tuổi.
2. Không dùng khi đang có vấn đề về gan hoặc thận.
3. Không dùng quá liều khuyến cáo.
4. Có thể gây buồn ngủ, nên tránh vận hành xe hoặc điều khiển máy móc.
5. Không dùng cho người có tiền sử dị ứng với thuốc.
6. Nếu quên dùng, nên dùng ngay khi nhớ ra, trừ khi gần bữa ăn kế tiếp."
17,arcee-ai/Arcee-VyLinh,Expert_SP_NC_EN,"Khi sắc thuốc chữa viêm lợi, nên sắc rễ cây Nổ đặc tới mức nào?","Chuẩn bị: Rễ cây Nổ. Thực hiện: Sắc lấy nước đặc, đem ngậm súc miệng và nhổ đi.",Nên sắc rễ cây Nổ lấy nước đặc.,"Khi sắc thuốc chữa viêm lợi, nên sắc rễ cây Nổ đặc tới mức thuốc đặc thành bột mịn."
18,arcee-ai/Arcee-VyLinh,Expert_SP_NC_EN,Chỉ rõ tác dụng khi dùng nước sắc Bán biên liên theo y học hiện đại?,"Nước sắc Bán biên liên dùng bằng đường uống có tác dụng gây tẩy nhẹ. Lobelin trên tiêu bản ruột thỏ cô lập, với liều thấp có tác dụng tăng cường trương lực và nhu động ruột, liều cao lại gây liệt ruột. Lobelin dùng bằng đường uống còn có tác dụng gây chán ăn. Với nồng độ 15mcg/ml, Lobelin có tác dụng ức chế tế bào ung thư u báng chuột nhắt trắng hấp thu oxy. Thí nghiệm trên ống kính, nước sắc cây có tác dụng ức chế một số nấm thông thường gây bệnh ngoài da.",Nước sắc Bán biên liên có tác dụng gây tẩy nhẹ.,"- Điều trị các bệnh về khớp
- Giảm đau và viêm khớp
- Tăng cường sức khỏe xương và khớp"
19,arcee-ai/Arcee-VyLinh,Expert_SP_NC_EN,Trong những trường hợp nào không nên dùng thuốc Carflem?,"Không dùng đồng thời với các thuốc chứa carbocistein khác để tránh vượt quá liều khuyến cáo.1 Không dùng kèm với các thuốc giảm đau không steroid, steroid và các thuốc kháng tiểu cầu (clopidogrel, ticagrelor,…) do làm tăng nguy cơ chảy máu đường tiêu hóa và loét dạ dày, tá tràng.3","Không dùng thuốc Carflem đồng thời với các thuốc chứa carbocistein khác để tránh vượt quá liều khuyến cáo.1 Không dùng kèm với các thuốc giảm đau không steroid, steroid và các thuốc kháng tiểu cầu (clopidogrel, ticagrelor,…) do làm tăng nguy cơ chảy máu đường tiêu hóa và loét dạ dày, tá tràng.","Trong những trường hợp sau không nên dùng thuốc Carflem:

1. Đau bụng cấp tính
2. Viêm dạ dày cấp
3. Viêm ruột cấp
4. Viêm tụy cấp
5. Trào ngược acid
6. Viêm loét dạ dày tá tràng mãn tính

Carflem không được chỉ định cho những trường hợp trên vì có thể gây kích ứng dạ dày và ảnh hưởng đến quá trình tiêu hóa."
20,arcee-ai/Arcee-VyLinh,Expert_SP_NC_EN,Các thành viên trong gia đình cần lưu ý điều gì khi chăm sóc người bệnh mắc sốt xuất huyết Lassa?," Phòng ngừa bệnh sốt xuất huyết Lassa dựa vào việc thúc đẩy “vệ sinh cộng đồng” tốt để ngăn chặn các loài gặm nhấm vào nhà. Các biện pháp hiệu quả bao gồm: - Lưu trữ ngũ cốc và thực phẩm khác trong các thùng chứa chống chuột bọ,
- Vứt rác xa nhà, duy trì hộ gia đình sạch sẽ
- Nuôi mèo Bởi vì không thể loại bỏ chuột Mastomys hoàn toàn khỏi môi trường. Các thành viên trong gia đình phải luôn cẩn thận, tránh tiếp xúc với máu và dịch cơ thể khi chăm sóc người bệnh.   ","Khi chăm sóc người bệnh mắc sốt xuất huyết Lassa, các thành viên trong gia đình cần cẩn thận, tránh tiếp xúc với máu và dịch cơ thể của người bệnh.","Các thành viên trong gia đình cần rửa tay thường xuyên, tránh tiếp xúc trực tiếp với người bệnh, và nên sử dụng quần áo bảo hộ khi chăm sóc người bệnh."
21,arcee-ai/Arcee-VyLinh,Expert_SP_NC_EN,Làm sao để duy trì độ pH của cơ thể hơi kiềm?,"Độ pH ở các cơ quan khác nhau trong cơ thể là không giống nhau. pH là một trong những yếu tố vô cùng quan trọng ảnh hưởng đến sức khỏe của con người. Độ pH của cơ thể có khả năng ảnh hưởng đến mọi tế bào trong cơ thể. pH của máu có tính kiềm. Bộ não, hệ tuần hoàn, thần kinh, hệ tiêu hoá… làm việc tốt ở mức độ pH thích hợp. Khi pH của cơ thể bị quá axit, cơ thể dễ bị bệnh. Ví dụ như bệnh tim mạch, lão hoá sớm, các vấn đề về thần kinh, dị ứng, ung thư. Tốt hơn hết ăn khoảng 60 – 80% thực phẩm tạo kiềm, khoảng 20 – 40% thực phẩm tạo axit. Nếu duy trì được chế độ ăn này thì pH của cơ thể hơi kiềm. Đó là điều kiện để có sức khoẻ tốt.","Để duy trì độ pH của cơ thể hơi kiềm, nên ăn khoảng 60 – 80% thực phẩm tạo kiềm, khoảng 20 – 40% thực phẩm tạo axit.","Để duy trì độ pH hơi kiềm của cơ thể, bạn nên:

1. Ăn nhiều rau xanh và trái cây tươi.
2. Giảm lượng thức ăn nhanh và chất béo.
3. Tập thể dục đều đặn.
4. Giảm stress.
5. Uống đủ nước."
22,arcee-ai/Arcee-VyLinh,Expert_SP_NC_EN,Ciprobay có mấy hàm lượng khác nhau?,"Ciprofloxacin thuộc nhóm quinolon, nhóm kháng sinh có phổ rộng tác động được trên cả vi khuẩn gram âm và gram dương. Hoạt chất này ức chế các enzyme cần thiết cho quá trình tổng hợp gen của vi khuẩn, nên có tác dụng diệt khuẩn. Ciprobay có 3 hàm lượng là 250, 500, 750 mg.","Ciprobay có 3 hàm lượng là 250, 500, 750 mg.",Ciprobay có hai hàm lượng khác nhau: 150 mg và 30ml.
23,arcee-ai/Arcee-VyLinh,Expert_SP_NC_EN,Ban đỏ khi mắc hội chứng sốc nhiễm độc có đặc điểm gì?,"Các triệu chứng có thể thấy khi người bệnh mắc hội chứng sốc nhiễm độc gồm: - Sốt cao đột ngột.
- Tụt huyết áp.
- Nôn ói hoặc tiêu chảy.
- Nổi ban đỏ như bị bỏng nắng ở khắp cơ thể.
- Lơ mơ.
- Đau cơ.
- Đỏ mắt, miệng và họng.
- Co giật.
- Đau đầu.","Ban đỏ khi mắc hội chứng sốc nhiễm độc nổi lên khắp cơ thể, giống như bị bỏng nắng.","Ban đỏ khi mắc hội chứng sốc nhiễm độc có đặc điểm là xuất hiện ban đỏ lan rộng, thường bắt đầu từ vùng da gần mắt và lan ra toàn thân, có thể dẫn đến sốc nhiễm độc và tử vong nếu không được điều trị kịp thời."
24,arcee-ai/Arcee-VyLinh,Expert_SP_NC_EN,Triệu chứng bất thường lượng đường trong máu liên quan đến bệnh Addison là gì?,"Theo thời gian, bệnh Addison hay còn được gọi là suy thượng thận nguyên phát, sẽ dẫn đến các triệu chứng sau: - Mệt mỏi mãn tính và cảm giác yếu cơ.
- Mất cảm giác ngon miệng, không có khả năng tiêu hóa thức ăn và giảm cân.
- Huyết áp thấp (hạ huyết áp) giảm nhiều hơn khi đứng. Điều này gây ra chóng mặt, đôi khi đến mức ngất xỉu.
- Xuất hiện các vết nám, sạm đen và tàn nhang trên da.
- Da sẫm màu đặc biệt xảy ra nhiều ở vùng trán, đầu gối và khuỷu tay hoặc dọc theo sẹo, nếp gấp da và nếp nhăn (như ở lòng bàn tay).
- Bất thường lượng đường trong máu, như lượng đường trong máu thấp nguy hiểm (hạ đường huyết).
- Buồn nôn, nôn và tiêu chảy.
- Không có khả năng đối phó với căng thẳng.
- Tâm trạng buồn bực, khó chịu và trầm cảm.
- Không thích nghi được với cảm giác nóng hoặc lạnh
- Thèm đồ ăn mặn. Vì các triệu chứng của bệnh Addison tiến triển chậm, chúng có thể không được nhận ra cho đến khi bị kích hoạt bởi một sự kiện căng thẳng về thể chất. Chẳng hạn như bị một bệnh khác, phẫu thuật hoặc tai nạn, làm cho các triệu chứng xấu đi nhanh chóng. Khi điều này xảy ra, nó được gọi là một cuộc khủng hoảng Addisonia. Cứ bốn người mắc bệnh Addison thì sẽ có một người phát hiện bệnh khi bị cuộc khủng hoảng Addisonia. Khủng hoảng Addisonia được xem là một cấp cứu y khoa vì nó có thể gây tử vong.",Triệu chứng bất thường lượng đường trong máu liên quan đến bệnh Addison là lượng đường trong máu thấp nguy hiểm (hạ đường huyết).,"Triệu chứng bất thường lượng đường trong máu liên quan đến bệnh Addison bao gồm:

1. Khẩu cảm
2. Khẩu khô
3. Khẩu khô
4. Khẩu khô
5. Khẩu khô"
25,arcee-ai/Arcee-VyLinh,Expert_SP_NC_EN,"Ngoài triterpene glycoside và alkaloid, lá cây Gáo còn chứa thành phần nào khác?","Thành phần cây Gáo có chứa triterpene glycoside là naucleosid và noreugenin. Lá chứa các alkaloid là 10 hydroxy strictosamid và 6’ O acetyl strictosamid, vincosamid. Ngoài ra còn có β sitosterol, acid palmitic. Vỏ, lá và gỗ đều chứa các chất đắng.","Ngoài triterpene glycoside và alkaloid, lá cây Gáo còn chứa β sitosterol và acid palmitic.","Ngoài triterpene glycoside và alkaloid, lá cây Gáo còn chứa flavonoid."
26,arcee-ai/Arcee-VyLinh,Expert_SP_NC_EN,Cơn động kinh co giật có dấu hiệu như thế nào?,"2.4.1 Cơn động kinh co cứng Trong cơn co cứng , các cơ thường co cứng lại và người bệnh bị mất ý thức. Việc co thắt các cơ vùng ngực sẽ khiến cho người bệnh cảm thấy khó thở và môi, mặt có thể trở nên tím tái. 2.4.2 Cơn động kinh co giật Cơn động kinh co giật sẽ khiến cho các cơ của người đó bị giật và co thắt. Các cơ ở khuỷu tay, chân, cổ bị co lại và sau đó dãn ra nhanh chóng. Khi cơn động kinh giảm dần thì sự giật cơ chậm dần. và cuối cùng ngừng hẳn. Sau khi giật cơ ngừng hẳn, người bệnh thường thở sâu trước khi thở lại như bình thường. 2.4.3 Cơn co cứng, co giật Cơn động kinh co cứng – co giật xảy ra khi co cứng và co giật xảy ra cùng lúc. Nếu bạn bị cơn co cứng- co giật, một số hoặc tất cả các triệu chứng sau có thể xảy ra cùng một lúc - Có một cảm giác lạ thoáng qua ví dụ như đột nhiên la hét hoặc khóc
- Tiêu tiểu không tự chủ trong hoặc sau cơn động kinh
- Sau cơn có thể cảm thấy lú lẫn hoặc buồn ngủ
- Đau đầu dữ dội sau cơn động kinh Thông thường, một người có cơn động kinh co cứng – co giật sẽ bị cứng và té ngã trong pha cứng. Tứ chi và mặt sẽ giật nhanh và co cơ trong pha co giật. 2.4.4 Sau cơn động kinh co cứng co giật Một cơn động kinh điển hình thường kéo dài một vài phút hoặc ít hơn, sau đó người bệnh có thể chưa tỉnh trong vài phút hoặc hơn tùy thuộc vào cường độ của cơn động kinh. Đây gọi là giai đoạn hậu cơn động kinh, trong giai đoạn này não bộ hoạt động để cố gắng kiềm chế các xung điện bất thường và kiểm soát cơn động kinh. Sau cơn động kinh, người bệnh tỉnh lại có thể cảm thấy đau, mệt mỏi, sợ hãi và lú lẫn. Trấn an và nâng đỡ là điều mà những người chứng kiến có thể thực hiện. Một vài lưu ý cần nhớ Mặc dù chứng kiến một cơn động kinh có vẻ rất đáng sợ và có một truyền thuyết rằng những người có cơn động kinh có nguy cơ cắt phải lưỡi. Điều này hoàn toàn không thể xảy ra. KHÔNG nên đặt bất cứ thứ gì vào miệng hoặc cố gắng mở miệng của bệnh nhân khi họ đang trong cơn động kinh. Bởi việc làm này có thể gây hại cho người bệnh.","Cơn động kinh co giật sẽ khiến cho các cơ của người đó bị giật và co thắt. Các cơ ở khuỷu tay, chân, cổ bị co lại và sau đó dãn ra nhanh chóng.","Cơn động kinh co giật thường có dấu hiệu như sau:

1. Giật nhanh và mạnh trên toàn thân
2. Thay đổi màu da (xanh xao, tái xanh)
3. Thở nhanh hoặc khó thở
4. Mí mắt co rút
5. Thụt lông mày
6. Có thể mất ý thức ngắn hạn"
27,arcee-ai/Arcee-VyLinh,Expert_SP_NC_EN,Làm thế nào để sử dụng Azibiotic?,"- Azithromycin được dùng 1 lần/ngày.
- Người lớn: Điều trị bệnh lây qua đường tình dục với một liều duy nhất là 1 gam.
- Các chỉ định khác: điều trị viêm phế quản, viêm phổi, viêm họng, nhiễm khuẩn da và mô mềm. Liều ngày đầu tiên: Azithromycin 500 mg; 4 ngày tiếp theo: liều đơn 250 mg/ngày.
- Người cao tuổi: bằng liều của người lớn. Liều dùng trên đây chỉ mang tính chất tham khảo. Liều dùng cụ thể tùy thuộc vào tình trạng bệnh và cơ địa của từng người. Vì vậy, bạn nên đến gặp bác sĩ để được kê đơn thuốc với liều dùng phù hợp với bạn.",Azibiotic được dùng 1 lần/ngày.,"Để sử dụng Azibiotic, bạn cần tuân thủ hướng dẫn của bác sĩ và hướng dẫn sử dụng thuốc. Thường thì Azibiotic được sử dụng dưới dạng viên nén hoặc viên đạn, uống trước bữa ăn. Thời gian sử dụng và liều lượng cần tuân thủ theo chỉ định của bác sĩ."
28,arcee-ai/Arcee-VyLinh,Expert_SP_NC_EN,Saponin triterpene trong Ngũ gia bì có tác dụng gì?,"Ngũ gia bì có chứa khoảng 0,9 – 1% tinh dầu, saponin triterpene.","Saponin triterpene trong Ngũ gia bì có tác dụng kháng khuẩn, chống viêm và hạ sốt.",Saponin triterpene trong Ngũ gia bì có tác dụng lợi tiểu và lợi mật.
29,arcee-ai/Arcee-VyLinh,Expert_SP_NC_EN,Nguyên nhân chính gây viêm khớp nhiễm trùng là gì?,"Đây là một tình trạng bệnh lý nặng nề. Nguyên nhân có thể do vi trùng, virus hoặc nấm. Cơ chế gây bệnh chủ yếu do các gãy xương cũ gần khớp hoặc do sử dụng kim chích giảm đau nội khớp. Bệnh lý này nếu không điều trị có thể gây hoại tử khớp, thậm chí tử vong.","Viêm khớp nhiễm trùng có nguyên nhân chính là vi trùng, virus hoặc nấm.",Nguyên nhân chính gây viêm khớp nhiễm trùng là vi khuẩn xâm nhập vào khớp và gây ra viêm nhiễm.
30,arcee-ai/Arcee-VyLinh,Expert_SP_NC_EN,Nếu thời điểm nhớ quên thuốc Cefurobiotic lại gần với liều tiếp theo thì nên làm gì?,"Trường hợp quên dùng thuốc, hãy uống càng sớm càng tốt khi nhớ ra. Tuy nhiên, nếu gần với liều kế tiếp, hãy bỏ qua liều đã quên và uống liều kế tiếp vào thời điểm như kế hoạch. Không uống bù hai liều trong cùng một lần.","Nếu gần với liều kế tiếp, bỏ qua liều đã quên và uống liều kế tiếp vào thời điểm như kế hoạch.","Nếu thời điểm nhớ quên thuốc Cefurobiotic gần với liều tiếp theo, nên uống liều thuốc quên và thông báo cho bác sĩ."
31,arcee-ai/Arcee-VyLinh,Expert_SP_NC_EN,Người lái xe và người vận hành máy móc có được sử dụng thuốc Casalmux hay không?,"Hiện vẫn chưa có đầy đủ nghiên cứu trên người. Tuy nhiên: - Phụ nữ có thai, cho con bú: Lưu ý chỉ nên sử dụng thuốc trong thời gian có thai và cho con bú khi thật cần thiết. Nghĩa là sau khi đã cân nhắc thật kĩ giữa lợi ích và nguy cơ cẩn thận giữa mẹ và bé.
- Người vận hành máy móc: Thuốc hiếm khi gây ra tác dụng đau đầu trên người dùng thuốc. Do đó, vẫn có thể sử dụng cho người lái xe hoặc người vận hành máy móc. Tuy nhiên, dù hiếm nhưng vẫn có thể xảy ra. Do đó, nên thận trọng khi dùng.","Người lái xe và người vận hành máy móc vẫn có thể sử dụng thuốc Casalmux vì thuốc hiếm khi gây ra tác dụng phụ đau đầu. Tuy nhiên, nên thận trọng khi dùng vì vẫn có thể xảy ra tác dụng phụ này.","Không, người lái xe và người vận hành máy móc không được sử dụng thuốc Casalmux."
32,arcee-ai/Arcee-VyLinh,Expert_SP_NC_EN,"Để Mộc thông mềm, cần làm gì tiếp theo sau các bước loại bỏ tạp chất, rửa sạch?","Mộc thông đem về loại bỏ tạp chất, rửa sạch, ngâm trong nước, ủ mềm. Thái lát sau đó phơi hoặc sấy khô là được.","Để có được Mộc thông mềm, cần ngâm trong nước và ủ cho mềm trước khi thái lát.","Để mộc thông mềm sau khi loại bỏ tạp chất và rửa sạch, cần tiến hành sắc thuốc."
33,arcee-ai/Arcee-VyLinh,Expert_SP_NC_EN,Viêm mí mắt là gì?,"- Cảm giác như có gì đó trong mắt bạn (cộm mắt).
- Nóng hoặc cay mắt.
- Chảy nước mắt.
- Ngứa mắt.
- Nhạy cảm với ánh sáng (sợ ánh sáng).
- Mắt hoặc mí mắt sưng và đỏ.
- Nước mắt có bọt hoặc có bọt nhỏ trong đó.
- Mắt bị khô.
- Mí mắt hoặc lông mi sần sùi khi bạn thức dậy.","Viêm mí mắt là tình trạng mi mắt bị viêm nhiễm, thường xuất phát từ các tuyến dầu nhờn rất nhỏ ở gốc lông mi hoặc vi khuẩn có trên da.","Viêm mí mắt là tình trạng viêm nhiễm xảy ra ở vùng mí mắt, thường do vi khuẩn hoặc vi rút gây ra."
34,arcee-ai/Arcee-VyLinh,Expert_SP_NC_EN,Sử dụng một số thuốc gây tăng axit dạ dày có thể dẫn đến tình trạng gì?,"Một số thuốc khi uống vào có thể gây nóng rát dạ dày. Sự nóng rát có thể là trực tiếp cho thuốc kích ứng niêm mạc dạ dày. Cũng có thể gián tiếp từ tác dụng của thuốc làm tăng axit dạ dày, làm giảm chất nhầy bảo vệ dạ dày. Một số thuốc thường gặp có thể gây nóng rát bao tử bao gồm: - Nhóm thuốc kháng viêm Corticoide như: Prednisolon, Prednisone, Methylprednisolon,…
- Các thuốc kháng viêm Non Steroid như: Diclofenac, Meloxicam, Naproxen, Aspirin,…
- Thuốc kháng histamin H1 như: Chlopheniramin, Cetirizin, Fexofenadin,…
- Thuốc kích thích thần kinh phó giao cảm như: Cisapride, Isopride,…
- Các thuốc long đờm, làm loãng chất nhầy như: Bromhexin, Acetyl Cystein, Ambroxol,…",Sử dụng một số thuốc gây tăng axit dạ dày có thể dẫn đến tình trạng nóng rát dạ dày.,Sử dụng một số thuốc gây tăng axit dạ dày có thể dẫn đến loét dạ dày tá tràng.
35,arcee-ai/Arcee-VyLinh,Expert_SP_NC_EN,Cách dùng cây đuôi chuột như thế nào?,"Dùng cỏ đuôi chuột tươi, đem ngâm rửa với nước muối cho sạch. Sau đó để ráo, giã nát và thêm đường vào, ngậm nuốt lấy nước.","Dùng cỏ đuôi chuột tươi, đem ngâm rửa với nước muối cho sạch. Sau đó để ráo, giã nát và thêm đường vào, ngậm nuốt lấy nước.","Cách dùng cây đuôi chuột bao gồm:

1. Cắt đốt đuôi chuột thành từng đoạn nhỏ.
2. Đặt đốt đuôi vào trong lỗ tai.
3. Dùng tay giữ chặt để đốt đuôi cố định trong tai."
36,arcee-ai/Arcee-VyLinh,Expert_SP_NC_EN,Sử dụng thuốc chống động kinh suốt đời là cần thiết trong trường hợp nào?,"Hầu hết trẻ bị động kinh vắng ý thức không gây ra biến chứng. Tuy nhiên, ở một số trẻ: - Phải dùng thuốc chống động kinh suốt đời để ngăn chặn cơn động kinh.
- Diễn tiến đến co giật toàn bộ, như động kinh co cứng – co giật. Các biến chứng khác có thể bao gồm: - Khó khăn trong học tập.
- Các vấn đề về hành vi.
- Tách biệt với xã hội.",Sử dụng thuốc chống động kinh suốt đời là cần thiết để ngăn chặn cơn động kinh ở một số trẻ bị động kinh vắng ý thức.,Sử dụng thuốc chống động kinh suốt đời cần thiết khi người bệnh có triệu chứng động kinh tái phát thường xuyên và không đáp ứng tốt với các phương pháp điều trị khác.
37,arcee-ai/Arcee-VyLinh,Expert_SP_NC_EN,Làm gì để có thể cải thiện chức năng sinh hoạt của người bệnh?,"- Chuyên viên vật lí trị liệu có thể hướng dẫn những bài tập an toàn, thích hợp. Để tăng cường sức mạnh, sự linh động, thăng bằng cũng như sự điều hợp của cơ thể. Những bài tập này cũng giúp duy trì sự linh hoạt tốt nhất có thể và có thể giảm nguy cơ té ngã.
- Hơn nữa, khi có chỉ định sử dụng xe lăn hay nạng, họ sẽ hướng dẫn người bệnh cách sử dụng sao cho đúng và an toàn.
- Các nhà hoạt động trị liệu có thể hỗ trợ người bệnh, người nhà và người chăm sóc sử dụng những dụng cụ hỗ trợ để cải thiện chức năng sinh hoạt của người bệnh. Ví dụ: tay vịn xung quanh nhà, dụng cụ ăn uống thích hợp.
- Các chuyên viên âm ngữ trị liệu có thể giúp người bệnh cải thiện khả năng nói rõ ràng hơn. Cũng như giúp cải thiện những vấn đề về nhai, nuốt.
- Nhà tâm lí trị liệu có thể dùng những liệu pháp tâm lí, giúp người bệnh giải quyết những vấn đề về hành vi, tao điều kiện giao tiếp hiệu quả giữa các thành viên trong gia đình.","Các nhà hoạt động trị liệu có thể hỗ trợ người bệnh, người nhà và người chăm sóc sử dụng những dụng cụ hỗ trợ để cải thiện chức năng sinh hoạt của người bệnh.","Để cải thiện chức năng sinh hoạt của người bệnh, cần thực hiện các biện pháp sau:

1. Chăm sóc sức khỏe tổng thể
2. Tập thể dục đều đặn
3. Hạn chế căng thẳng
4. Thay đổi lối sống lành mạnh
5. Điều trị nguyên nhân gây bệnh"
38,arcee-ai/Arcee-VyLinh,Expert_SP_NC_EN,Trong trường hợp nào thì Bisoloc được sử dụng để điều trị suy tim?,"Bisoloc được chỉ định trong một số trường hợp: - Tăng huyết áp.
- Đau thắt ngực.
- Suy tim mạn ổn định, từ vừa đến nặng, kèm giảm chức năng tâm thu thất trái đã được điều trị cùng với các thuốc ức chế enzym chuyển, lợi tiểu, và với glycosid trợ tim. Chỉ định này do thầy thuốc chuyên khoa quyết định Bạn nên nhớ đây là thuốc bán theo đơn và chỉ được sử dụng khi có chỉ dẫn của bác sĩ.","Bisoloc được sử dụng để điều trị suy tim mạn ổn định, từ vừa đến nặng, kèm giảm chức năng tâm thu thất trái đã được điều trị cùng với các thuốc ức chế enzym chuyển, lợi tiểu, và với glycosid trợ tim.",Bisoloc (Bisoprolol) được sử dụng để điều trị suy tim do nguyên nhân do thuốc hoặc suy tim do nguyên nhân khác khi không đáp ứng tốt với các thuốc khác.
39,arcee-ai/Arcee-VyLinh,Expert_SP_NC_EN,Vật lý trị liệu có vai trò gì trong điều trị thoái hóa khớp háng?,"Thay đổi lối sống. Cũng như các loại khớp khác thì ban đầu sẽ không có can thiệp phẫu thuật. Bằng cách thay đổi lối sống, khớp háng sẽ được bảo vệ hơn và làm chậm đi quá trình thoái hóa khớp. - Giảm thiểu các hoạt động làm nặng thêm tình trạng bệnh, ví dụ như leo cầu thang
- Chuyển từ các hoạt động va chạm nhiều (như đi bộ, đánh tennis) sang các hoạt động nhẹ nhàng hơn (như bơi lội, đạp xe). Điều này làm giảm đi sức ép lên khớp háng.
- Giảm cân cũng góp phần giảm sức ép lên khớp háng. Giảm cân giúp giảm đau và cải thiện chức năng của khớp. Vật lý trị liệu: Những bài tập đặc biệt có thể tăng khả năng vận động và độ dẻo dai, cũng như tăng cường sức mạnh của cơ ở chân và háng. Thuốc: Nếu các cơn đau ảnh hưởng đến sinh hoạt hàng ngày, hoặc đau không giảm sau khi sử dụng các biện pháp trên thì thầy thuốc có thể kê cho bạn một số thuốc giúp giảm đau và hạn chế quá trình viêm.","Vật lý trị liệu bao gồm các bài tập đặc biệt giúp tăng khả năng vận động, độ dẻo dai và sức mạnh cơ ở chân và háng.","Vật lý trị liệu giúp cải thiện chức năng khớp, giảm đau và tăng khả năng vận động cho người bệnh thoái hóa khớp háng."
40,arcee-ai/Arcee-VyLinh,Expert_SP_NC_EN,Rau ngót được sử dụng để chữa bệnh gì?,"Lá rau ngót tươi rửa sạch giã nát, vắt lấy nước trộn với mật ong. Lấy gạc chấm vào hỗn hợp trên rồi bôi đều lên lưỡi ngày 3- 4 lần.",Rau ngót được sử dụng để chữa bệnh tưa lưỡi.,"Rau ngót được sử dụng để điều trị một số bệnh như đau bụng, tiêu chảy, và cảm lạnh."
41,arcee-ai/Arcee-VyLinh,Expert_SP_NC_EN,Giai đoạn 1B của ung thư vú có đặc điểm gì?,"- Giai đoạn 1A: Khối u nguyên phát rộng từ 2 cm trở xuống và các hạch bạch huyết không bị ảnh hưởng.
- Giai đoạn 1B: Ung thư được tìm thấy trong các hạch bạch huyết gần đó và không có khối u ở vú hoặc khối u nhỏ hơn 2 cm.","Trong giai đoạn 1B, ung thư được tìm thấy trong các hạch bạch huyết gần đó nhưng không có khối u ở vú hoặc khối u nhỏ hơn 2 cm.",Giai đoạn 1B của ung thư vú có đặc điểm là tế bào ung thư di căn đến mô gian phế quản hoặc mô gian phổi.
42,arcee-ai/Arcee-VyLinh,Expert_SP_NC_EN,Tại sao nên chăm sóc sức khỏe vùng chậu?,"Nếu bạn gặp bất kỳ điều gì bất thường ở vùng xương chậu, chẳng hạn như chảy máu giữa kì kinh hoặc đau bụng dưới không rõ nguyên nhân, hoặc các biểu hiện đã nêu ở phần trên, hãy hẹn gặp bác sĩ. Nếu không được điều trị, một số tình trạng vùng chậu có thể ảnh hưởng lâu dài đến sức khỏe và khả năng sinh sản của bạn. Vùng chậu chứa nhiều cơ quan quan trọng, đặc biệt là các cơ quan sinh sản. Chăm sóc giữ gìn, đặc biệt nhận biết các bất thường liên quan đến vùng chậu là cách để bảo vệ sức khỏe sinh sản bản thân.","Vùng chậu chứa nhiều cơ quan quan trọng, đặc biệt là các cơ quan sinh sản. Chăm sóc giữ gìn, đặc biệt nhận biết các bất thường liên quan đến vùng chậu là cách để bảo vệ sức khỏe sinh sản bản thân.","Chăm sóc sức khỏe vùng chậu giúp duy trì chức năng sinh sản, phòng tránh các bệnh lý nguy hiểm và tăng cường sức khỏe tổng thể."
43,arcee-ai/Arcee-VyLinh,Expert_SP_NC_EN,"Trong trường hợp bị thoát vị đĩa đệm cột sống thắt lưng, khi nào cơn đau lưng giảm?","Thoát vị đĩa đệm không phải lúc nào cũng có triệu chứng. Mặc khác, các triệu chứng phổ biến nhất là tê, đau hoặc giảm cảm giác lan dọc xuống chân một bên hoặc hai bên. Những triệu chứng này ảnh hưởng đến các phần khác nhau của chân, tùy thuộc tầng đĩa đệm bị thoát vị. - Khởi phát đau lưng. Người bệnh có thể cảm thấy đau tỏa ra từ vùng lưng dưới.
- Khi đau lan dọc xuống chân thì đau lưng giảm.
- Đau lan xuống mông, đùi, cẳng chân; giảm đau với tư thế gập háng & gập gối. Người bệnh phải thay đổi tư thế mỗi 10-20 phút.
- Hiệu ứng ho (Cough effect): 87% tăng đau khi ho, hắt hơi, nhảy mũi, rặn đi đại tiện.
- Triệu chứng bàng quang (1-18%): Lúc đầu Bàng quang giảm cảm giác là dấu hiệu có sớm như khó đi tiểu, tiểu rặn, tiểu còn tồn đọng nước tiểu. Về sau, thường thấy có triệu chứng “kích thích” như mắc tiểu không nhịn lâu được (urinary urgency), tiểu nhiều lần (không bao gồm tiểu đêm). Bí tiểu liên quan đến chèn ép chùm rễ thần kinh đuôi ngựa.",Đau lưng giảm khi cơn đau lan dọc xuống chân xuất hiện.,"Khi thoát vị đĩa đệm cột sống thắt lưng được điều trị và phục hồi tốt, cơn đau lưng thường giảm sau khoảng 2-4 tuần điều trị. Tuy nhiên, cần tuân thủ đúng chỉ định của bác sĩ để đảm bảo hồi phục hoàn toàn."
44,arcee-ai/Arcee-VyLinh,Expert_SP_NC_EN,"Để tránh tác dụng phụ không mong muốn, liều lượng tối ưu cho mục đích sử dụng sâm tố nữ cần được xác định như thế nào?","Dựa trên các nghiên cứu hiện có, liều lượng an toàn của sâm tố nữ bổ sung trong chế độ ăn uống cho người là 1-2 mg/kg thể trọng/ngày hoặc khoảng 50-100 mg/ngày.4 Lưu ý: sử dụng liều cao hơn 200 mg/kg thể trọng/ngày gây tăng sinh tế bào trong tuyến vú. Nếu dùng trong thời gian ngắn có thể tăng trọng lượng tử cung, giãn nở, xuất huyết và viêm thành tử cung. Nếu dùng liều này kéo dài có thể sinh ung thư nội mạc tử cung, tuyến vú. Vì vậy, liều lượng tối ưu cho mục đích sử dụng cần được tính toán trước để tránh tác dụng phụ không mong muốn.","Để tránh tác dụng phụ không mong muốn, liều lượng tối ưu cho mục đích sử dụng sâm tố nữ cần được tính toán trước.","Để tránh tác dụng phụ không mong muốn, liều lượng tối ưu cho mục đích sử dụng sâm tố nữ nên được bác sĩ khám nghiệm tư vấn và chỉ định riêng cho từng người."
45,arcee-ai/Arcee-VyLinh,Expert_SP_NC_EN,"Trong trường hợp sử dụng thuốc Acritel quá liều, cần phải làm gì?","Dùng thuốc Acritel quá liều gây ảnh hưởng đến hệ thần kinh trung ương hoặc tác dụng kháng cholinergic. Tác dụng không mong muốn ghi nhận bao gồm: lú lẫn, chóng mặt, giãn đồng tử, ngứa, bồn chồn, buồn ngủ, nhịp tim nhanh, bí tiểu,… Hiện không có thuốc giải độc đặc hiệu khi sử dụng thuốc Acritel quá liều. Cần báo ngay cho cơ sở y tế địa phương, hoặc bác sĩ hoặc sĩ ngay khi phát hiện tình trạng sử dụng thuốc quá liều để kịp thời xử lý.","Cần báo ngay cho cơ sở y tế địa phương, hoặc bác sĩ hoặc sĩ ngay khi phát hiện tình trạng sử dụng thuốc quá liều để kịp thời xử lý.","Nếu sử dụng thuốc Acritel quá liều, cần ngưng sử dụng thuốc và liên hệ với bác sĩ hoặc cơ sở y tế gần nhất ngay lập tức."
46,arcee-ai/Arcee-VyLinh,Expert_SP_NC_EN,Thời kỳ ủ bệnh tả có thể kéo dài đến bao nhiêu ngày?,"Là thời gian từ lúc phẩy khuẩn tả xâm nhập cơ thể đến khi có các triệu chứng đầu tiên. Đây là lúc vi khuẩn sinh sôi phát triển, tích lũy độc tố trong cơ thể. Thời kỳ ủ bệnh của tả không có triệu chứng. Thường kéo dài từ 6 – 48 giờ, tối đa 5 ngày. Dù chưa có biểu hiện, thời kỳ này mầm bệnh vẫn có thể phát tán và lây lan.","Thường kéo dài từ 6 – 48 giờ, tối đa 5 ngày.",Thời kỳ ủ bệnh tả có thể kéo dài đến 1-2 tuần.
47,arcee-ai/Arcee-VyLinh,Expert_SP_NC_EN,Tỷ lệ khối u thần kinh nội tiết được tìm thấy trong tuyến tụy là bao nhiêu?,"Khoảng 7% khối U thần kinh nội tiết được tìm thấy trong tuyến tụy (ung thư tế bào đảo). Tuyến tụy là cơ quan vừa nội tiết và ngoại tiết. Nó tiết dịch tiêu hóa ( ngoại tiết ), giúp cho quá trình tiêu hóa và hấp thụ thức ăn. Ngoài ra tụy còn tiết hormon điều hòa quá trình tiêu hóa và kiểm soát đường huyết (nội tiết). ",Khoảng 7% khối u thần kinh nội tiết được tìm thấy trong tuyến tụy.,10-15%
48,arcee-ai/Arcee-VyLinh,Expert_SP_NC_EN,Cơm rượu được dùng trong bài thuốc nào?,"Rễ, lá, cành non Cơm rượu, mỗi thứ 40g, sao qua, tán nhỏ rồi sắc đặc uống vào lúc đói, ngày 3 lần. Khi uống thêm 30ml rượu trắng.","Cơm rượu được dùng trong bài thuốc dành cho phụ nữ sau sinh bị tích huyết trong tử cung, ăn chậm tiêu, bụng trướng.","Cơm rượu thường được sử dụng trong bài thuốc Đông y để điều trị các chứng bệnh về gan, tiêu hóa và các vấn đề sức khỏe khác."
49,arcee-ai/Arcee-VyLinh,Expert_SP_NC_EN,Có những loại thuốc nào có khả năng làm trầm trọng hơn tình trạng chảy máu khi sử dụng chung với Clopias?,"- Tương tác với các thuốc có nguy cơ gây chảy máu, thuốc chống đông dạng uống, heparin sẽ làm trầm trọng hơn tình trạng chảy máu.
- Nếu dùng cùng với NSAID có khả năng gây chảy máu ẩn đường tiêu hoá.
- Rượu làm tăng nguy cơ gây tổn thương đường tiêu hoá khi dùng chung với aspirin. Vì thế cần trao đổi với bệnh nhân có uống rượu trước khi điều trị.","Thuốc chống đông dạng uống, heparin.","Thuốc corticosteroid, thuốc chốngplatelet, thuốc chốngplatelet yếu, thuốc chốngplatelet mạnh, thuốc chốngplatelet yếu và mạnh, thuốc chống đông máu, thuốc chống đông máu mạnh."
