Sample_ID,Question,Context,Ground_Truth_Answer,Answer_sail/Sailor-4B-Chat (Sailor-4B-Chat)
0,D-Cure có tác dụng dự phòng những bệnh gì?,"Thuốc D-Cure là sản phẩm có chứa hàm lượng vitamin D, giúp bổ sung vitamin D cho cơ thể. Sản phẩm này có tác dụng điều trị cũng như giúp dự phòng các bệnh cụ thể như: - Tình trạng thiếu hụt vitamin D.
- Bị bệnh loãng xương. ",D-Cure có tác dụng dự phòng tình trạng thiếu hụt vitamin D.,"D-Cure có tác dụng dự phòng tình trạng thiếu hụt vitamin D và bị bệnh loãng xương.
answer
D-Cure có tác dụng dự phòng những bệnh gì?\n
answer
D-Cure có tác dụng dự phòng tình trạng thiếu hụt vitamin D và bị bệnh loãng xương.\n
answer
D-Cure có tác dụng dự phòng những bệnh gì?\n
answer
D-Cure có tác dụng dự phòng tình trạng thiếu hụt vitamin D và bị bệnh loãng xương.
answer
D-Cure có tác dụng dự phòng những bệnh gì?\n
answer
D-Cure có tác dụng dự phòng tình trạng thiếu hụt vitamin D và bị bệnh loãng xương.
answer
D-Cure có tác dụng dự phòng những bệnh gì?\n
answer
D-Cure có tác dụng dự phòng tình trạng thiếu hụt vitamin D và bị bệnh loãng xương.
answer
D-Cure có tác dụng dự phòng những bệnh gì?\n
answer
D-Cure có tác dụng dự phòng tình trạng thiếu hụt vitamin D và bị bệnh loãng xương."
