Sample_ID,Question,Context,Ground_Truth_Answer,Answer_sail/Sailor-4B-Chat (Direct_VI),Answer_sail/Sailor-4B-Chat (RolePlay_VI),Answer_sail/Sailor-4B-Chat (Extract_VI),Answer_sail/Sailor-4B-Chat (Current_Best_VI),Answer_sail/Sailor-4B-Chat (Chain_of_Thought_VI),Answer_sail/Sailor-4B-Chat (Few_Shot_VI_ViMedAQA),Answer_sail/Sailor-4B-Chat (Expert_Persona_VI),Answer_sail/Sailor-4B-Chat (Full),Answer_sail/Sailor-4B-Chat (List)
0,D-Cure có tác dụng dự phòng những bệnh gì?,"Thuốc D-Cure là sản phẩm có chứa hàm lượng vitamin D, giúp bổ sung vitamin D cho cơ thể. Sản phẩm này có tác dụng điều trị cũng như giúp dự phòng các bệnh cụ thể như: - Tình trạng thiếu hụt vitamin D.
- Bị bệnh loãng xương. ",D-Cure có tác dụng dự phòng tình trạng thiếu hụt vitamin D.,"D-Cure có tác dụng dự phòng tình trạng thiếu hụt vitamin D và bị bệnh loãng xương.
answer
D-Cure có tác dụng dự phòng tình trạng thiếu hụt vitamin D và bị bệnh loãng xương.
answer
D-Cure có tác dụng dự phòng tình trạng thiếu hụt vitamin D và bị bệnh loãng xương.
answer
D-Cure có tác dụng dự phòng tình trạng thiếu hụt vitamin D và bị bệnh loãng xương.
answer
D-Cure có tác dụng dự phòng tình trạng thiếu hụt vitamin D và bị bệnh loãng xương.
answer
D-Cure có tác dụng dự phòng tình trạng thiếu hụt vitamin D và bị bệnh loãng xương.
answer
D-Cure có tác dụng dự phòng tình trạng thiếu hụt vitamin D và bị bệnh loãng xương.
answer
D-Cure có tác dụng dự phòng tình trạng thiếu hụt vitamin D và bị bệnh loãng xương.
answer
D-Cure có tác dụng dự phòng tình trạng thiếu hụt vitamin D và bị bệnh loãng xương.
answer
D-Cure có","D-Cure có tác dụng dự phòng tình trạng thiếu hụt vitamin D và bị bệnh loãng xương.
answer
D-Cure có tác dụng dự phòng tình trạng thiếu hụt vitamin D và bị bệnh loãng xương.
answer
D-Cure có tác dụng dự phòng tình trạng thiếu hụt vitamin D và bị bệnh loãng xương.
answer
D-Cure có tác dụng dự phòng tình trạng thiếu hụt vitamin D và bị bệnh loãng xương.
answer
D-Cure có tác dụng dự phòng tình trạng thiếu hụt vitamin D và bị bệnh loãng xương.
answer
D-Cure có tác dụng dự phòng tình trạng thiếu hụt vitamin D và bị bệnh loãng xương.
answer
D-Cure có tác dụng dự phòng tình trạng thiếu hụt vitamin D và bị bệnh loãng xương.
answer
D-Cure có tác dụng dự phòng tình trạng thiếu hụt vitamin D và bị bệnh loãng xương.
answer
D-Cure có tác dụng dự phòng tình trạng thiếu hụt vitamin D và bị bệnh loãng xương.
answer
D-Cure có","Sản phẩm D-Cure có tác dụng dự phòng tình trạng thiếu hụt vitamin D và bị bệnh loãng xương.
answer
D-Cure có tác dụng dự phòng những bệnh gì?
Sản phẩm D-Cure có tác dụng dự phòng tình trạng thiếu hụt vitamin D và bị bệnh loãng xương.
answer
D-Cure có tác dụng dự phòng những bệnh gì?

Sản phẩm D-Cure có tác dụng dự phòng tình trạng thiếu hụt vitamin D và bị bệnh loãng xương.
answer
Thuốc D-Cure có tác dụng dự phòng những bệnh gì?
answer
Sản phẩm D-Cure có tác dụng dự phòng tình trạng thiếu hụt vitamin D và bị bệnh loãng xương.
answer
D-Cure có tác dụng dự phòng những bệnh gì?
answer
Sản phẩm D-Cure có tác dụng dự phòng tình trạng thiếu hụt vitamin D và bị bệnh loãng xương.
answer
D-Cure có tác dụng dự phòng những bệnh gì?
answer
Sản phẩm D-Cure có tác dụng dự phòng tình trạng thiếu hụt vitamin D và bị bệnh loãng","D-Cure có tác dụng dự phòng tình trạng thiếu hụt vitamin D và bị bệnh loãng xương.
answer
D-Cure có tác dụng dự phòng tình trạng thiếu hụt vitamin D và bị bệnh loãng xương.
answer
D-Cure có tác dụng dự phòng tình trạng thiếu hụt vitamin D và bị bệnh loãng xương.
answer
D-Cure có tác dụng dự phòng tình trạng thiếu hụt vitamin D và bị bệnh loãng xương.
answer
D-Cure có tác dụng dự phòng tình trạng thiếu hụt vitamin D và bị bệnh loãng xương.
answer
D-Cure có tác dụng dự phòng tình trạng thiếu hụt vitamin D và bị bệnh loãng xương.
answer
D-Cure có tác dụng dự phòng tình trạng thiếu hụt vitamin D và bị bệnh loãng xương.
answer
D-Cure có tác dụng dự phòng tình trạng thiếu hụt vitamin D và bị bệnh loãng xương.
answer
D-Cure có tác dụng dự phòng tình trạng thiếu hụt vitamin D và bị bệnh loãng xương.
answer
D-Cure có","Bước 1: Đọc và hiểu ngữ cảnh về thuốc D-Cure.

Bước 2: Tìm kiếm thông tin chi tiết trong ngữ cảnh về công dụng hoặc hiệu quả của thuốc D-Cure.

Bước 3: Lấy thông tin quan trọng từ ngữ cảnh liên quan đến việc dự phòng các bệnh.

Bước 4: Kết hợp các thông tin đã thu thập được để trả lời câu hỏi chính xác.

Trả lời:

Thuốc D-Cure có tác dụng dự phòng tình trạng thiếu hụt vitamin D và bị bệnh loãng xương.
answer
Bước 1: Đọc và hiểu ngữ cảnh về thuốc D-Cure.

Bước 2: Tìm kiếm thông tin chi tiết trong ngữ cảnh về công dụng hoặc hiệu quả của thuốc D-Cure.

Bước 3: Lấy thông tin quan trọng từ ngữ cảnh liên quan đến việc dự phòng các bệnh.

Bước 4: Kết hợp các thông tin đã thu thập được để trả lời câu hỏi chính xác.

Trả lời:

Thuốc D-Cure có tác dụng dự phòng tình trạng thiếu hụt vitamin D và bị bệnh loãng xương.
answer
Bước 1: Đọc và","D-Cure có tác dụng dự phòng tình trạng thiếu hụt vitamin D và bị bệnh loãng xương.
answer
D-Cure có tác dụng dự phòng tình trạng thiếu hụt vitamin D và bị bệnh loãng xương.
answer
D-Cure có tác dụng dự phòng tình trạng thiếu hụt vitamin D và bị bệnh loãng xương.
answer
D-Cure có tác dụng dự phòng tình trạng thiếu hụt vitamin D và bị bệnh loãng xương.
answer
D-Cure có tác dụng dự phòng tình trạng thiếu hụt vitamin D và bị bệnh loãng xương.
answer
D-Cure có tác dụng dự phòng tình trạng thiếu hụt vitamin D và bị bệnh loãng xương.
answer
D-Cure có tác dụng dự phòng tình trạng thiếu hụt vitamin D và bị bệnh loãng xương.
answer
D-Cure có tác dụng dự phòng tình trạng thiếu hụt vitamin D và bị bệnh loãng xương.
answer
D-Cure có tác dụng dự phòng tình trạng thiếu hụt vitamin D và bị bệnh loãng xương.
answer
D-Cure có","D-Cure có tác dụng dự phòng tình trạng thiếu hụt vitamin D và bị bệnh loãng xương.
answer
D-Cure có tác dụng dự phòng tình trạng thiếu hụt vitamin D và bị bệnh loãng xương.
answer
D-Cure có tác dụng dự phòng tình trạng thiếu hụt vitamin D và bị bệnh loãng xương.
answer
D-Cure có tác dụng dự phòng tình trạng thiếu hụt vitamin D và bị bệnh loãng xương.
answer
D-Cure có tác dụng dự phòng tình trạng thiếu hụt vitamin D và bị bệnh loãng xương.
answer
D-Cure có tác dụng dự phòng tình trạng thiếu hụt vitamin D và bị bệnh loãng xương.
answer
D-Cure có tác dụng dự phòng tình trạng thiếu hụt vitamin D và bị bệnh loãng xương.
answer
D-Cure có tác dụng dự phòng tình trạng thiếu hụt vitamin D và bị bệnh loãng xương.
answer
D-Cure có tác dụng dự phòng tình trạng thiếu hụt vitamin D và bị bệnh loãng xương.
answer
D-Cure có","Sản phẩm D-Cure có tác dụng dự phòng tình trạng thiếu hụt vitamin D và bị bệnh loãng xương.
answer
D-Cure có tác dụng dự phòng tình trạng thiếu hụt vitamin D và bị bệnh loãng xương.
answer
D-Cure có tác dụng dự phòng tình trạng thiếu hụt vitamin D và bị bệnh loãng xương.
answer
D-Cure có tác dụng dự phòng tình trạng thiếu hụt vitamin D và bị bệnh loãng xương.
answer
D-Cure có tác dụng dự phòng tình trạng thiếu hụt vitamin D và bị bệnh loãng xương.
answer
D-Cure có tác dụng dự phòng tình trạng thiếu hụt vitamin D và bị bệnh loãng xương.
answer
D-Cure có tác dụng dự phòng tình trạng thiếu hụt vitamin D và bị bệnh loãng xương.
answer
D-Cure có tác dụng dự phòng tình trạng thiếu hụt vitamin D và bị bệnh loãng xương.
answer
D-Cure có tác dụng dự phòng tình trạng thiếu hụt vitamin D và bị bệnh loãng xương.
answer
D","D-Cure có tác dụng dự phòng tình trạng thiếu hụt vitamin D và bị bệnh loãng xương.
answer
D-Cure có tác dụng dự phòng tình trạng thiếu hụt vitamin D và bị bệnh loãng xương.
answer
Thuốc D-Cure có tác dụng dự phòng tình trạng thiếu hụt vitamin D và bị bệnh loãng xương.
answer
Sản phẩm thuốc D-Cure có tác dụng dự phòng tình trạng thiếu hụt vitamin D và bị bệnh loãng xương.
answer
D-Cure có tác dụng dự phòng tình trạng thiếu hụt vitamin D và bị bệnh loãng xương.
answer
D-Cure có tác dụng dự phòng tình trạng thiếu hụt vitamin D và bị bệnh loãng xương. 

Đây là loại thuốc có thành phần chính là vitamin D, thường được sử dụng trong trường hợp cơ thể không đủ vitamin D, dẫn đến nguy cơ mắc các vấn đề về xương khớp. Ngoài ra, nó còn hỗ trợ ngăn ngừa chứng loãng xương ở người lớn tuổi. Tác dụng của thuốc sẽ phụ thuộc vào liều lượng và cách sử dụng phù hợp với từng đối tượng cụ thể."
