Sample_ID,Model,System_Prompt,Question,Context,Reasoning_Log,Ground_Truth_Answer,Internal_Reasoning
0,arcee-ai/Arcee-VyLinh,Reasoner_EN,Xuyên khung được dùng để điều trị những bệnh nào?,"Tính vị: Vị đắng, cay, mùi thơm, tính ấm, quy kinh Can, Đởm, Tâm bào. Công dụng: Hành khí, hoạt huyết, bổ huyết, điều kinh, giảm đau, trừ phong… Chủ trị: Nhức đầu, hoa mắt, phong thấp, đau mỏi cơ thể, kinh nguyệt không đều, cảm mạo,…2 Xem thêm: Hương nhu trắng: Cây thuốc rất hứa hẹn xung quanh ta","Follow-up Question: What are the main indications for Xuyên khung (Tangerine Peel) based on the provided context?
Follow-up Answer: Based on the provided context, the main indications for Xuyên khung (Tangerine Peel) are:

1. Nhức đầu
2. Hoa mắt
3. Phong thấp
4. Đau mỏi cơ thể
5. Kinh nguyệt không đều
6. Cảm mạo","Xuyên khung được dùng để điều trị nhức đầu, hoa mắt, phong thấp, đau mỏi cơ thể, kinh nguyệt không đều, cảm mạo,…","Chủ trị: Nhức đầu, hoa mắt, phong thấp, đau mỏi cơ thể, kinh nguyệt không đều, cảm mạo"
1,arcee-ai/Arcee-VyLinh,Reasoner_EN,"Thuốc Acetylcystein 200 mg được dùng để làm gì trong viêm khí quản, viêm phổi?","Thuốc Acetylcystein 200 mg được chỉ định dùng trong các bệnh lý đường hô hấp:1 - Làm loãng đờm trong các bệnh phế quản – phổi cấp và mãn tính kèm theo sự tăng tiết chất nhầy.
- Làm thông đường hô hấp trong viêm khí quản, viêm phổi.
- Dùng làm thuốc giải độc trong quá liều Paracetamol.","Follow-up Question: What specific indications does Acetylcysteine 200 mg have for the treatment of viral or bacterial infections in the respiratory tract?
Follow-up Answer: Based on the provided context, Acetylcysteine 200 mg is not specifically indicated for the treatment of viral or bacterial infections in the respiratory tract. The context only mentions its use in conditions such as phlegm in lung diseases, inflammation of the airways, and as a detoxification medication for acetaminophen overdose. It does not mention any indications for viral or bacterial respiratory tract infections.","Thuốc Acetylcystein 200 mg dùng để làm thông đường hô hấp trong viêm khí quản, viêm phổi.","Thuốc Acetylcystein 200 mg được dùng để làm thông đường hô hấp trong viêm khí quản, viêm phổi."
2,arcee-ai/Arcee-VyLinh,Reasoner_EN,Rau ngổ có chứa những thành phần hóa học nào?,"Rau ngổ chứa 0.13% tinh dầu, flavonoid và tanin. Trong tinh dầu chủ yếu là d-limonen và d-penlaldehyd.","Follow-up Question: What are the key chemical components found in rau ngổ?
Follow-up Answer: The key chemical components found in rau ngổ are tinh dầu (0.13%), flavonoid, and tanin. The tinh dầu contains primarily d-limonen and d-penlaldehyd.","Rau ngổ chứa 0,13% tinh dầu, flavonoid và tanin.","Rau ngổ chứa tinh dầu, flavonoid và tanin. Trong tinh dầu chủ yếu là d-limonen và d-penlaldehyd."
3,arcee-ai/Arcee-VyLinh,Reasoner_EN,Cetirizine có thể tương tác với các loại thuốc nào?,#NAME?,"Follow-up Question: What other medications should be used with caution when taking cetirizine?
Follow-up Answer: When taking cetirizine, other medications that should be used with caution include alcohol and drugs that ức chế thần kinh trung ương, as they can increase the effects of these medications.","Cetirizine có thể tương tác với rượu và các thuốc ức chế thần kinh trung ương, làm tăng thêm tác dụng của các thuốc này. Do đó, tránh dùng đồng thời Cetirizine với rượu và các thuốc ức chế thần kinh trung ương.",Cetirizine có thể tương tác với rượu và các loại thuốc ức chế thần kinh trung ương.
4,arcee-ai/Arcee-VyLinh,Reasoner_EN,Thể bại liệt là gì?,#NAME?,"Follow-up Question: The single most important and concise question to answer first in order to comprehensively answer the main question ""Thể bại liệt là gì?"" would be:
Follow-up Answer: What does ""thể bại liệt"" mean in medical terms?",Thể bại liệt là một kiểu biểu hiện của bệnh dại.,Thể bại liệt là thể bệnh
5,arcee-ai/Arcee-VyLinh,Reasoner_EN,Những yếu tố gây ra hội chứng đái tháo nhạt trung ương là gì?,"- Đái tháo nhạt trung ương. Tổn thương xuất hiện ở vùng hạ đồi hay tuyến yên. Các tác nhân gây thương tổn có thể là chấn thương đầu, phẫu thuật hay u. Khi đó, vùng hạ đồi và tuyến yên bị rối loạn chức năng, gây ảnh hưởng đến sự tiết hormone ADH. Một bệnh lý di truyền cũng có thể gây ra đái tháo nhạt trung ương thông qua cơ chế này.
- Đái tháo nhạt do thận. Nguyên nhân của đái tháo nhạt do thận là các rối loạn tại ống thận. Thông thường, ống thận sẽ tham gia tái hấp thu và đào thải dưới sự điều hòa của ADH. Các rối loạn tại ống thận làm mất sự điều hòa nội tiết này, gây ra bệnh. Nguyên nhân có thể do bệnh lý di truyền hay bệnh thận mạn tính. Một số thuốc như foscarnet, lithium hay thuốc kháng virus có thể gây ra tình trạng tương tự.
- Đái tháo nhạt thai kỳ. Đây là một tình trạng hiếm gặp. Bệnh lý xảy ra khi mang thai, nhau thai gây phá hủy ADH trong máu của người mẹ.
- Chứng uống nhiều tiên phát (cuồng uống nguyên phát). Nguyên nhân là do bệnh nhân uống quá nhiều nước, gây tiểu nhiều và làm loãng nước tiểu. Tình trạng này có liên quan đến bệnh lý tâm thần, như tâm thần phân liệt. Đôi khi bệnh không tìm được nguyên nhân. Một số trường hợp hiếm gặp có ghi nhận bệnh tự miễn gây tổn thương tế bào sản xuất ADH, dẫn đến bệnh đái tháo nhạt.","Follow-up Question: What are the key factors that cause central diabetes insipidus?
Follow-up Answer: The key factors that cause central diabetes insipidus include:

1. Trauma to the brain (e.g., head injury, surgery, or tumor)
2. Genetic disorders
3. Disruption of the hypothalamic-pituitary axis (e.g., due to kidney disease or certain medications)","Hội chứng đái tháo nhạt trung ương có thể xuất hiện do chấn thương đầu, phẫu thuật hay u làm tổn thương vùng hạ đồi hay tuyến yên, gây rối loạn chức năng sản sinh hormone ADH, ảnh hưởng đến khả năng tái hấp thu nước ở thận.","Những yếu tố gây ra hội chứng đái tháo nhạt trung ương bao gồm chấn thương đầu, rối loạn di truyền và rối loạn chức năng của vùng hạ đồi và tuyến yên."
6,arcee-ai/Arcee-VyLinh,Reasoner_EN,Hai trong số bệnh lý rối loạn đông máu thường gặp gây ra kinh nguyệt kéo dài là gì?,Các bệnh lý rối loạn đông máu toàn thân có thể gây ra kinh nguyệt kéo dài. Hai trong số bệnh lý thường gặp này là bệnh Hemophillia và bệnh Von Willebrand. Kinh nguyệt kéo dài có thể là dấu hiệu duy nhất của một trong những bệnh lý này hoặc có thể có các triệu chứng khác.,"Follow-up Question: What are the two common blood clotting disorders that cause prolonged menstruation?
Follow-up Answer: The two common blood clotting disorders that cause prolonged menstruation are Hemophilia and Von Willebrand disease.",Bệnh Hemophillia và bệnh Von Willebrand là hai trong số bệnh lý rối loạn đông máu thường gặp gây ra kinh nguyệt kéo dài.,Hemophilia và Von Willebrand bệnh
7,arcee-ai/Arcee-VyLinh,Reasoner_EN,Có thể nào một người khỏe mạnh bị nhiễm liên cầu nhóm B không?,"Như đã nói ở trên, liên cầu nhóm B có thể xuất hiện ở người khoẻ mạnh. Bạn có thể nhiễm vi trùng này rồi tự khỏi. Chúng cứ xuất hiện rồi lại biến mất, hoặc cư trú thường xuyên trong cơ thể bạn. Đặc biệt, vi khuẩn này không lây truyền qua đường tình dục, cũng không lây lan qua thức ăn, nước uống. Phương thức lây truyền của vi khuẩn này từ người sang người vẫn chưa được biết rõ. Đối với trẻ sơ sinh, trẻ nhiễm liên cầu từ mẹ. Trong quá trình sinh, khi đi qua âm đạo, trẻ tiếp xúc và nhiễm vi khuẩn này.","Follow-up Question: What are the key symptoms or signs of infection with Group B Streptococcus in healthy individuals?
Follow-up Answer: Based on the provided context, there are no key symptoms or signs of infection with Group B Streptococcus (GBS) in healthy individuals. The context states that GBS can appear and disappear, or be present regularly in healthy people without symptoms. It also notes that while it can be transmitted from mother to newborn during birth, it typically does not cause symptoms in healthy adults.","Có, người khỏe mạnh cũng có thể bị nhiễm liên cầu nhóm B.",Người khỏe mạnh có thể bị nhiễm liên cầu nhóm B
8,arcee-ai/Arcee-VyLinh,Reasoner_EN,Chúng ta hãm nước nhục quế như thế nào?,"Lấy miếng quế mài ra, hòa cùng nước để uống. Pha như pha trà: gọt quết thành từng miếng nhỏ, bỏ vào ấm cho nước nóng vào rồi rót đổ bỏ ngay. Thêm nước sôi lần hai, chờ ngấm rồi để nguội uống. Có thể hãm 2 – 3 lần nước để uống, loại tốt có thể hãm 5 – 6 lần nước. Rượu quế: nhục quế 6g rượu vừa đủ. Nhục quế giã nát, ngâm rượu trong 3 ngày, uống ấm. Thích hợp dùng khi bị đau nhức mình mẩy do cảm lạnh.","Follow-up Question: What is the correct method for steeping the quinine extract?
Follow-up Answer: The correct method for steeping the quinine extract involves:

1. Grate or cut the quinine into small pieces.
2. Pour hot water over the pieces.
3. Let it steep for a while, then strain out the pieces.
4. Repeat the steeping process with fresh hot water, allowing the extract to steep multiple times (2-3 times or up to 5-6 times for better quality).
5. Store the steeped liquid and drink it warm.","Bạn cắt nhục quế thành những miếng nhỏ sau đó cho vào ấm rồi chế thêm nước nóng vào, sau đó rót bỏ ngay. Tiếp theo lại chế nước sôi lần 2 sau đó chờ một lúc thì uống, có thể hãm nước nhục quế 2-3 lần, loại tốt có thể hãm 5-6 lần.","Lấy miếng quế mài ra, hòa cùng nước để uống. Pha như pha trà: gọt quết thành từng miếng nhỏ, bỏ vào ấm cho nước nóng vào rồi rót đổ bỏ ngay. Thêm nước sôi lần hai, chờ ngấm rồi để nguội uống."
9,arcee-ai/Arcee-VyLinh,Reasoner_EN,Làm thế nào để sử dụng Azibiotic?,"- Azithromycin được dùng 1 lần/ngày.
- Người lớn: Điều trị bệnh lây qua đường tình dục với một liều duy nhất là 1 gam.
- Các chỉ định khác: điều trị viêm phế quản, viêm phổi, viêm họng, nhiễm khuẩn da và mô mềm. Liều ngày đầu tiên: Azithromycin 500 mg; 4 ngày tiếp theo: liều đơn 250 mg/ngày.
- Người cao tuổi: bằng liều của người lớn. Liều dùng trên đây chỉ mang tính chất tham khảo. Liều dùng cụ thể tùy thuộc vào tình trạng bệnh và cơ địa của từng người. Vì vậy, bạn nên đến gặp bác sĩ để được kê đơn thuốc với liều dùng phù hợp với bạn.","Follow-up Question: What is the correct dosage and administration schedule for Azithromycin?
Follow-up Answer: The correct dosage and administration schedule for Azithromycin is:

- For adults: 1 gram (1000 mg) in a single dose for treating STI (sexually transmitted infections).
- For other indications: 500 mg on the first day, followed by 250 mg daily for 4 days.
- Dosage for the elderly: Same as for adults.
- The specific dose should be determined by a doctor based on the patient's condition and individual characteristics.",Azibiotic được dùng 1 lần/ngày.,"Người lớn: 1 gam (1000 mg) trong một lần dùng cho điều trị bệnh lây qua đường tình dục. 500 mg trong lần dùng đầu tiên, tiếp theo là 250 mg/ngày trong 4 lần dùng."
10,arcee-ai/Arcee-VyLinh,Reasoner_EN,Nêu tên các triệu chứng vận đông điển hình của bệnh Parkinson?,"Là những triệu chứng ảnh hưởng đến chức năng vận động của cơ thể. Đây là những triệu chứng rõ ràng nhất của bệnh Parkinson. Các triệu chứng vận động chính của bệnh là run, chậm vận động, cứng khớp và cân bằng kém (mất ổn định tư thế). Ở giai đoạn đầu, những triệu chứng này thường nhẹ. Các triệu chứng thường bắt đầu ở một bên của cơ thể và có thể tiến triển thành hai bên sau một vài năm. Khi diễn tiến nặng dần, một vài người có thể gặp khó khăn trong việc đi lại, nói chuyện và các công việc thường ngày khác. Các triệu chứng này thường tiến triển chậm. Tuy nhiên tốc độ diễn tiến sẽ khác nhau ở mỗi người. Các triệu chứng của bệnh Parkinson có thể được kiểm soát tốt trong một thời gian dài. - Run Run điển hình trong bệnh Parkinson là run khi nghỉ. Trong giai đoạn sớm, thường là run không liên tục và khó phát hiện. Một số bệnh nhân cho thấy rằng cảm giác “run bên trong” ở tay, chân hoặc cơ thể mà không thể thấy được. Sau này khi cường độ run nhiều hơn, người ta sẽ dễ chú ý hơn. Run thường xảy ra ở một tay và được mô tả như là đang “lăn viên thuốc”. Sau một vài năm có thể diễn tiến thành run hai bên. Các bộ phận khác cũng có thể bị run như chân, môi, hàm hoặc lưỡi. Tuy vậy, run trong bệnh Parkinson thường không ảnh hưởng đến đầu. Bên bị run đầu tiên cũng có xu hướng bị nặng hơn trong suốt diễn tiến của bệnh. - Chậm vận động Đa số mọi bệnh nhân bệnh Parkinson đều có chậm vận động và có thể làm cho người bệnh cảm thấy yếu sức, mệt mỏi. Ở cánh tay, chậm vận động có thể gây khó khăn trong những hoạt động như cài nút áo, buộc dây giày, đánh máy tính… Chậm vận động có thể khiến cho người bệnh khó nhấc chân lên khi đi, bước đi chậm ngắn hơn và cảm giác không vững. Người bệnh cũng có thể gặp những khó khăn khi thay đổi tư thế từ đang ngồi sang đứng dậy. - Cứng cơ Có thể gặp trong vận động của tay, chân hoặc thân mình. Thường khởi đầu ở một bên của cơ thể cùng những triệu chứng khác như run, chậm vận động. Khi bệnh tiến triển, có thể ảnh hưởng cả hai bên. - Mất thăng bằng (mất ổn định tư thế) Thông thường những phản xạ tự động trong não giúp chúng ta giữ được thăng bằng khi đi hoặc đứng. Ở những người bệnh Parkinson những phản xạ tự động này thường giảm hoặc mất, khiến cho người bệnh bị mất thăng bằng. Mất thăng bằng thường hiếm gặp ở giai đoạn đầu của bệnh, mà thường gặp ở giai đoạn trễ. Khi các phản xạ tự động bị mất, người bệnh có thể gặp khó khăn nhiều hơn trong việc đi lại, thậm chí có thể cần có người hỗ trợ hoặc ngồi xe lăn. Nếu như mất thăng bằng tiến triển sớm ở giai đoạn đầu của bệnh, thì sẽ ít khi nghĩ đến bệnh Parkinson hơn, mà có thể nghĩ đến hội chứng Parkinson khác như teo cơ hệ thống hoặc liệt trên nhân tiến triển.","Follow-up Question: What are the key motor symptoms of Parkinson's disease?
Follow-up Answer: The key motor symptoms of Parkinson's disease include:

1. Run (tremor)
2. Slowed movement (bradykinesia)
3. Stiffness (rigidity)
4. Balance problems (postural instability)","Các triệu chứng vận đông điển hình của bệnh Parkinson là run, chậm vận đông, cứng khớp và mất thăng bang (mất ổn định tư thể).",Run chậm vận động cứng khớp mất thăng bằng
11,arcee-ai/Arcee-VyLinh,Reasoner_EN,Trong trường hợp nào thì Bisoloc được sử dụng để điều trị suy tim?,"Bisoloc được chỉ định trong một số trường hợp: - Tăng huyết áp.
- Đau thắt ngực.
- Suy tim mạn ổn định, từ vừa đến nặng, kèm giảm chức năng tâm thu thất trái đã được điều trị cùng với các thuốc ức chế enzym chuyển, lợi tiểu, và với glycosid trợ tim. Chỉ định này do thầy thuốc chuyên khoa quyết định Bạn nên nhớ đây là thuốc bán theo đơn và chỉ được sử dụng khi có chỉ dẫn của bác sĩ.","Follow-up Question: What specific conditions allow the use of Bisoloc for the treatment of heart failure?
Follow-up Answer: The specific conditions that allow the use of Bisoloc for the treatment of heart failure are:

- Systolic heart failure, from mild to moderate severity, that has been treated with other medications such as ACE inhibitors, diuretics, and cardiac glycosides.","Bisoloc được sử dụng để điều trị suy tim mạn ổn định, từ vừa đến nặng, kèm giảm chức năng tâm thu thất trái đã được điều trị cùng với các thuốc ức chế enzym chuyển, lợi tiểu, và với glycosid trợ tim.","Trong trường hợp suy tim mạn ổn định, từ vừa đến nặng, kèm giảm chức năng tâm thu thất trái đã được điều trị cùng với các thuốc ức chế enzym chuyển, lợi tiểu, và với glycosid trợ tim thì Bisoloc được sử dụng để điều trị."
12,arcee-ai/Arcee-VyLinh,Reasoner_EN,Tỷ lệ lưu hành của phì đại thất trái trong dân số nói chung là bao nhiêu?,"Phì đại thất trái hiện diện ở 15% đến 20% dân số nói chung. Nó thường phổ biến hơn ở người da đen, người già, người béo phì và bệnh nhân cao huyết áp. Một đánh giá về dữ liệu siêu âm tim của 37.700 người cho thấy tỷ lệ lưu hành LVH là 19% – 48% ở người cao huyết áp không được điều trị. Và 58% -77% ở bệnh nhân tăng huyết áp có nguy cơ cao. Sự hiện diện của béo phì cũng làm tăng gấp 2 lần nguy cơ phát triển LVH. Tỷ lệ lưu hành LVH dao động từ 36% đến 41% trong dân số, tùy thuộc vào tiêu chí được sử dụng để xác định nó. Tỷ lệ lưu hành LVH không được báo cáo là khác biệt giữa nam và nữ (khoảng 36,0% so với 37,9% . Tỷ lệ phì đại tâm thấn trái lệch tâm tương đối nhiều hơn so với phì đại đồng tâm.","Follow-up Question: What is the prevalence of left ventricular hypertrophy in the general population?
Follow-up Answer: The prevalence of left ventricular hypertrophy in the general population is 15% to 20%.",Tỷ lệ lưu hành của phì đại thất trái trong dân số nói chung dao động từ 15% đến 20%.,15% đến 20%
13,arcee-ai/Arcee-VyLinh,Reasoner_EN,"Trong trường hợp máu mất rỉ ra và không được phát hiện, người bệnh sẽ có những dấu hiệu gì?",#NAME?,"Follow-up Question: What are the early signs that appear when blood loss occurs and is not detected?
Follow-up Answer: The early signs that appear when blood loss occurs and is not detected include xanthochromia (xanh xao), fatigue, lethargy, and decreased cognitive function and movement.","Nếu máu mất rỉ ra mà không được phát hiện, người bệnh sẽ có những dấu hiệu của thiếu máu mạn như xanh xao, mệt mỏi, giảm trí nhớ, giảm vận động,…","Người bệnh sẽ có dấu hiệu như xanh xao, mệt mỏi, giảm trí nhớ và giảm vận động."
14,arcee-ai/Arcee-VyLinh,Reasoner_EN,Tác dụng của thuốc cisapride trên trẻ em như thế nào?,Thuốc cisaprid bài tiết qua sữa mẹ. Nên thận trọng khi dùng thuốc cho phụ nữ trong thời kỳ cho con bú. Tác dụng trên trẻ em chưa được rõ.,"Follow-up Question: What is the known effect of cisapride on children?
Follow-up Answer: The known effect of cisapride on children is not clear.",Tác dụng trên trẻ em chưa được rõ.,Thuốc cisapride không có tác dụng rõ ràng trên trẻ em.
15,arcee-ai/Arcee-VyLinh,Reasoner_EN,Giải áp vi mạch là phương pháp như thế nào?,"Một số thủ thuật thường có thể giúp kiểm soát cơn đau do đau dây thần kinh sinh ba nếu điều trị thuốc thất bại, bao gồm: Cắt rễ bằng tần số phóng xạ nhiệt Đây là phương pháp ứng dụng nhiều nhất bằng cách tạo ra tổn thương nhiệt ở hạch hoặc dây thần kinh sinh ba. Ưu điểm: Giảm đau trong giai đoạn ngắn > 80% bệnh nhân điều trị. Nhược điểm: - Những nghiên cứu lâu dài cho thấy đau tái phát trong một số phần trăm bệnh nhân.
- Các biến chứng bao gồm tê một phần mặt, thỉnh thoảng có loạn cảm khó chịu, yếu cơ cắn, và nguy cơ mất phân bố thần kinh giác mạc gây viêm giác mạc thứ phát khi điều trị ở cho nhánh V1 trong đau thần kinh sinh ba. Phẫu thuật phóng xạ bằng tia Gamma Phương pháp này mang lại hiệu quả giảm đau hoàn toàn cho hơn 2/3 bệnh nhân. Ưu điểm: Sự đáp ứng giảm đau thường kéo dài theo thời gian. Các nguy cơ biến chứng nguy hiểm thấp hơn so với phương pháp cắt rễ bằng tần số phóng xạ nhiệt Nhược điểm: Ít hiệu quả hơn một chút so với cắt rễ bằng tần số phóng xạ nhiệt Giải áp vi mạch Phương pháp này đòi hỏi một thủ thuật mở hộp sọ dưới chẩm. Phù hợp với những người có sức khỏe tốt, có thể chịu được phẫu thuật và gây mê toàn thân và có thể chịu được lối sống phù hợp với thời gian hồi phục từ bốn đến sáu tuần. ` Bác sĩ phẫu thuật rạch một đường sau tai và cắt bỏ một mảnh hộp sọ nhỏ để tiếp cận với dây thần kinh và mạch máu. Sau đó, bác sĩ phẫu thuật đặt một lớp đệm cách nhiệt xung quanh mạch máu để nó không còn chèn ép hoặc cọ xát vào dây thần kinh Ưu điểm: - Trong các phương pháp điều trị phẫu thuật khác nhau, nó có tỉ lệ thành công lâu dài cao nhất (~50% bệnh nhân giảm đau hoàn toàn sau 3 năm thực hiện phương pháp này).
- Ngoài ra, có thể thực hiện thực hiện ở bệnh nhân trước đây đã cắt rễ bằng tần số phóng xạ nhiệt hay phẫu thuật phóng xạ bằng tia Gamma có đau trở lại.
- Giải toả áp lực lên dây thần kinh sinh ba.
- Trên 70% có hiệu quả với tỉ lệ thấp tái phát đau. Nhược điểm: Số ít phần trăm các trường hợp tổn thương dây thần kinh sọ VII và VIII quanh thời điểm phẫu thuật. Mặc dù đau dây thần kinh sinh ba không gây tử vong, nhưng những cơn đau và sự lo lắng mà nó gây ra có thể làm giảm chất lượng cuộc sống của một người. Vì thế bệnh nhân cần hợp tác chặt chẽ với bác sỹ để tìm ra phương pháp điều trị tốt nhất cho mỗi cá nhân. Phẫu thuật điều trị bệnh rất tinh vi và chính xác vì vùng liên quan rất nhỏ. Do đó, cần tìm đến các bác sĩ phẫu thuật thần kinh có kinh nghiệm để khám và điều trị hiệu quả nhất.","Follow-up Question: What is the Solenoid Embolization method?
Follow-up Answer: The Solenoid Embolization method involves a surgical procedure where a surgeon makes a small incision behind the ear to access the nerve and blood vessels. They then place a layer of insulating material around the blood vessels to relieve pressure on the sciatic nerve.","Giải áp vi mạch là phương pháp phẫu thuật mở hộp sọ dưới chẩm, bác sĩ sẽ rạch một đường sau tai và cắt bỏ một mảnh hộp sọ nhỏ để tiếp cận với dây thần kinh và mạch máu. Sau đó, bác sĩ sẽ đặt một lớp đệm cách nhiệt xung quanh mạch máu để nó không còn chèn ép hoặc cọ xát vào dây thần kinh.","Bác sĩ phẫu thuật rạch một đường sau tai và cắt bỏ một mảnh hộp sọ nhỏ để tiếp cận với dây thần kinh và mạch máu. Sau đó, bác sĩ phẫu thuật đặt một lớp đệm cách nhiệt xung quanh mạch máu để nó không còn chèn ép hoặc cọ xát vào dây thần kinh"
16,arcee-ai/Arcee-VyLinh,Reasoner_EN,Phương pháp nào được sử dụng để chiết xuất tinh dầu hoa cam?,"Tinh dầu hoa cam là tinh dầu chiết xuất từ hoa của cây cam đắng. Tên khoa học: Citrus aurantium L.1 Người ta dùng phương pháp chưng cất tinh dầu bằng hơi nước (steam distillation) hoặc chưng cất hydro (hydrodistillation). Để chiết tách triệt để tinh dầu, người ta còn dùng thêm một số loại dung môi hóa học như hexan. Sau đó tách lọc dung môi, cô đặc mới thu được toàn bộ lượng tinh dầu. Tinh dầu này có mùi hoa ngọt, màu vàng nhạt, và hơi đắng nhẹ.","Follow-up Question: What are the two main methods used for extracting essential oil from cam sweet orange flowers?
Follow-up Answer: The two main methods used for extracting essential oil from cam sweet orange flowers are:

1. Steam distillation (chưng cất tinh dầu bằng hơi nước)
2. Hydrodistillation (chưng cất hydro)",Phương pháp chưng cất tinh dầu bằng hơi nước (steam distillation) hoặc chưng cất hydro (hydrodistillation) được sử dụng để chiết xuất tinh dầu hoa cam.,Phương pháp chưng cất tinh dầu bằng hơi nước và chưng cất hydro được sử dụng để chiết xuất tinh dầu hoa cam.
17,arcee-ai/Arcee-VyLinh,Reasoner_EN,Thành phần của bài thuốc trị đau bao tử do lạnh dùng Xuyên tiêu gồm những gì?,"Xuyên tiêu 4g, Phụ tử 10g (sắc trước), Khương bán hạ 10g. Tán bột mịn làm hoàn, mỗi lần uống 6g, ngày 2 lần.","Follow-up Question: What are the ingredients of the formula used to treat stomach pain due to cold, specifically including Xuyên tiêu?
Follow-up Answer: The ingredients of the formula include:
- Xuyên tiêu 4g
- Phụ tử 10g (to be decocted first)
- Khương bán hạ 10g

The formula is prepared by grinding the ingredients into a fine powder, making a pill, and each dose is 6g, taken twice a day.","Bài thuốc này bao gồm Xuyên tiêu 4g, Phụ tử 10g, Khương bán hạ 10g.","Xuyên tiêu 4g, Phụ tử 10g, Khương bán hạ 10g"
18,arcee-ai/Arcee-VyLinh,Reasoner_EN,Thành phần chính có trong thuốc Alpha-Kiisin là gì?,"Thuốc Alpha-Kiisin được sản xuất bởi Công ty Cổ phần Pymepharco. Thuốc có thành phần chính là Chymotrypsine (hay Alpha-chymotrypsine). Thuốc được chỉ định dùng trong chống viêm, chống phù nề dạng men. Thuốc có dạng viên nén, 1 hộp gồm 10 vỉ x 10 viên.","Follow-up Question: What is the active ingredient in Alpha-Kiisin?
Follow-up Answer: The active ingredient in Alpha-Kiisin is Chymotrypsine (or Alpha-chymotrypsine).",Thành phần chính có trong thuốc Alpha-Kiisin là Chymotrypsine (hay Alpha-chymotrypsine).,Thành phần chính có trong thuốc Alpha-Kiisin là Chymotrypsine (hoặc Alpha-chymotrypsine).
19,arcee-ai/Arcee-VyLinh,Reasoner_EN,Nêu tên một số loại thuốc có thể gây suy yếu sự bài tiết của bilirubin liên hợp?,"Bilirubin liên hợp được bài tiết qua màng ống mật của tế bào gan, vận chuyển tích cực ngược chiều gradient nồng độ. Sự tái hấp thu của bilirubin liên hợp bởi các tế bào gan được trung gian bởi các chất vận chuyển anion hữu cơ bề mặt. Tăng cường lưu lượng mật (ví dụ bằng cách truyền muối mật) hoặc điều trị bằng phenobarbital làm tăng khả năng bài tiết bilirubin tối đa. Mặt khác, sự bài tiết của bilirubin liên hợp bị suy yếu trong một số tình trạng mắc phải (ví dụ, viêm gan do rượu hoặc virus, ứ mật của thai kỳ) và các rối loạn di truyền. Nó cũng có thể được gây ra bởi nhiều loại thuốc (ví dụ, steroid được alkyl hóa, chlorpromazine).","Follow-up Question: What types of drugs can cause the excretion of conjugated bilirubin to be weakened?
Follow-up Answer: Drugs such as alkylated steroids and chlorpromazine can cause the excretion of conjugated bilirubin to be weakened.","Một số loại thuốc có thể gây suy yếu sự bài tiết của bilirubin liên hợp bao gồm steroid được alkyl hóa, chlorpromazine.",Thuốc như steroid được alkyl hóa và chlorpromazine có thể gây suy yếu sự bài tiết của bilirubin liên hợp.
